"audio","length","trial_start","trial_end","understand","angry","intend","hostile","blame","subID"
"audio/1.wav",42,37.0752870840079,79.1592992090154,9,8.1,0.9,0.9,7.2,"01"
"audio/2.wav",38,144.217420875008,182.23090629201,0,6.3,3.6,2.7,8.1,"01"
"audio/3.wav",40,242.570425917016,282.581921917008,9,6.3,0.9,0.9,5.4,"01"
"audio/4.wav",33,326.402496249997,359.410265542014,9,8.1,9,9,9,"01"
"audio/5.wav",43,393.361104667012,436.378044417012,9,6.3,2.7,4.5,8.1,"01"
"audio/6.wav",34,486.769182084012,520.776558959013,9,8.1,8.1,6.3,8.1,"01"
"audio/7.wav",45,574.297070708999,619.312322042009,8,2.7,0.9,3.6,3.6,"01"
"audio/8.wav",40,663.178619792016,703.187801042019,9,2.7,0.9,2.7,2.7,"01"
"audio/9.wav",38,742.370501833997,780.378614667017,9,7.2,7.2,4.5,7.2,"01"
"audio/10.wav",38,834.906565375015,872.914254000003,9,7.2,1.8,3.6,6.3,"01"
"audio/11.wav",27,922.897872792004,949.905277667014,9,5.4,4.5,4.5,5.4,"01"
"audio/12.wav",39,996.106021749991,1035.11417225,9,7.2,6.3,6.3,9,"01"
"audio/13.wav",40,1076.570974959,1116.57871375,9,5.4,4.5,2.7,5.4,"01"
"audio/14.wav",43,1157.83362408401,1200.842378,9,7.2,7.2,8.1,8.1,"01"
"audio/15.wav",19,1242.32938508401,1261.337696542,9,6.3,6.3,4.5,8.1,"01"
"audio/16.wav",42,1299.27503262501,1341.284117459,9,7.2,2.7,2.7,7.2,"01"
"audio/17.wav",38,1390.85730854201,1428.86561837501,9,7.2,7.2,6.3,8.1,"01"
"audio/18.wav",39,1462.10561212501,1501.11323016701,9,9,7.2,7.2,8.1,"01"
"audio/19.wav",44,1535.738958709,1579.74686341701,9,4.5,3.6,2.7,5.4,"01"
"audio/20.wav",46,1616.76980879201,1662.78276370899,9,5.4,4.5,4.5,6.3,"01"
"audio/21.wav",42,1701.45783266702,1743.46587429201,9,1.8,2.7,2.7,1.8,"01"
"audio/1.wav",42,14.6122447079979,56.6635009169986,9,7.2,0.9,1.8,7.2,"02"
"audio/2.wav",38,114.196067625016,152.209716208017,9,2.7,0.9,0.9,3.6,"02"
"audio/3.wav",40,207.763838167011,247.775687707996,9,6.3,0.9,3.6,8.1,"02"
"audio/4.wav",33,298.003056167014,331.011485666997,9,8.1,9,8.1,9,"02"
"audio/5.wav",43,374.634847458015,417.646834500018,9,7.2,6.3,7.2,5.4,"02"
"audio/6.wav",34,460.212037374993,494.219220375002,9,4.5,3.6,4.5,4.5,"02"
"audio/7.wav",45,540.298217500007,585.310829166992,9,2.7,2.7,1.8,2.7,"02"
"audio/8.wav",40,627.683573207993,667.691231500008,9,0.9,9,7.2,0.9,"02"
"audio/9.wav",38,718.506966957997,756.515935958014,9,3.6,3.6,2.7,4.5,"02"
"audio/10.wav",38,802.011474917002,840.018755416997,9,8.1,7.2,8.1,8.1,"02"
"audio/11.wav",27,875.387024833006,902.393756667006,9,6.3,5.4,4.5,5.4,"02"
"audio/12.wav",39,943.883319792018,982.891245708015,9,6.3,2.7,2.7,6.3,"02"
"audio/13.wav",40,1022.20350895802,1062.21154641701,9,6.3,0.9,0.9,3.6,"02"
"audio/14.wav",43,1099.81754816702,1142.82591804201,9,7.2,6.3,6.3,6.3,"02"
"audio/15.wav",19,1186.370325583,1205.37846929202,9,5.4,1.8,1.8,6.3,"02"
"audio/16.wav",42,1247.441846375,1289.45147533301,9,8.1,7.2,6.3,7.2,"02"
"audio/17.wav",38,1328.63413766702,1366.64228237502,9,7.2,8.1,8.1,8.1,"02"
"audio/18.wav",39,1403.57882629201,1442.58681483302,9,8.1,7.2,7.2,6.3,"02"
"audio/19.wav",44,1481.29747720799,1525.30529370799,9,7.2,0.9,0.9,1.8,"02"
"audio/20.wav",46,1564.666045208,1610.678258042,9,4.5,2.7,2.7,5.4,"02"
"audio/21.wav",42,1652.090653375,1694.099876625,9,6.3,5.4,1.8,2.7,"02"
"audio/1.wav",42,44.6899305840197,86.7472544590128,9,7.2,4.5,6.3,6.3,"03"
"audio/2.wav",38,138.993243167002,177.006818209018,9,6.3,7.2,6.3,8.1,"03"
"audio/3.wav",40,222.593295333994,262.604822958994,9,3.6,1.8,0.9,1.8,"03"
"audio/4.wav",33,312.44249395901,345.45006862501,9,7.2,8.1,7.2,7.2,"03"
"audio/5.wav",43,383.609918125003,426.622091209021,9,6.3,5.4,5.4,5.4,"03"
"audio/6.wav",34,474.393900374998,508.401275209006,9,5.4,7.2,5.4,5.4,"03"
"audio/7.wav",45,559.074401834019,604.087543000001,9,3.6,2.7,2.7,3.6,"03"
"audio/8.wav",40,650.250486625009,690.258711792005,9,5.4,9,8.1,6.3,"03"
"audio/9.wav",38,737.186645750015,775.196478458995,9,5.4,4.5,4.5,6.3,"03"
"audio/10.wav",38,831.906515250012,869.913653625001,9,8.1,5.4,5.4,6.3,"03"
"audio/11.wav",27,927.482822916994,954.489475500013,9,3.6,3.6,2.7,3.6,"03"
"audio/12.wav",39,1007.81084687501,1046.81867870901,9,4.5,3.6,3.6,4.5,"03"
"audio/13.wav",40,1100.21890075001,1140.228975334,9,2.7,1.8,0.9,1.8,"03"
"audio/14.wav",43,1180.57897329199,1223.58819949999,9,7.2,5.4,5.4,7.2,"03"
"audio/15.wav",19,1274.30773158401,1293.31635537502,9,3.6,1.8,1.8,4.5,"03"
"audio/16.wav",42,1341.78668316701,1383.79564833399,9,7.2,4.5,4.5,4.5,"03"
"audio/17.wav",38,1434.9464705,1472.95442354202,9,7.2,5.4,5.4,6.3,"03"
"audio/18.wav",39,1521.065937334,1560.07451904201,9,9,9,8.1,9,"03"
"audio/19.wav",44,1616.426461542,1660.434741584,9,3.6,1.8,1.8,2.7,"03"
"audio/20.wav",46,1699.36235525002,1745.37450999999,9,4.5,2.7,2.7,5.4,"03"
"audio/21.wav",42,1799.186387667,1841.19450391701,9,7.2,2.7,2.7,4.5,"03"
"audio/1.wav",42,19.3323467079899,61.413886416005,7,7.2,2.7,3.6,7.2,"04"
"audio/2.wav",38,111.524898625008,149.539527540997,9,4.5,5.4,4.5,4.5,"04"
"audio/3.wav",40,197.021238290996,237.032802665984,9,4.5,2.7,2.7,2.7,"04"
"audio/4.wav",33,284.709803707985,317.717200707993,8,2.7,3.6,2.7,2.7,"04"
"audio/5.wav",43,364.373791624996,407.386877332989,9,2.7,1.8,1.8,1.8,"04"
"audio/6.wav",34,463.254056375008,497.261536582984,9,1.8,2.7,1.8,1.8,"04"
"audio/7.wav",45,540.37395137499,585.386087082996,9,1.8,0.9,0.9,0.9,"04"
"audio/8.wav",40,626.277620040986,666.286700083001,9,0.9,2.7,2.7,0.9,"04"
"audio/9.wav",38,702.358273916005,740.367335916002,9,3.6,4.5,5.4,3.6,"04"
"audio/10.wav",38,779.526804333,817.534489124984,7,4.5,3.6,3.6,5.4,"04"
"audio/11.wav",27,863.942479499994,890.950268040993,9,4.5,6.3,5.4,5.4,"04"
"audio/12.wav",39,930.374751833006,969.383087916009,9,2.7,1.8,0.9,1.8,"04"
"audio/13.wav",40,1007.381416458,1047.38955133301,9,2.7,0.9,0.9,1.8,"04"
"audio/14.wav",43,1091.59099287499,1134.600374125,9,1.8,0.9,0.9,1.8,"04"
"audio/15.wav",19,1167.95027620799,1186.958816083,9,2.7,0.9,0.9,1.8,"04"
"audio/16.wav",42,1217.798186375,1259.80712483299,9,3.6,2.7,2.7,3.6,"04"
"audio/17.wav",38,1304.62055699999,1342.62833120799,9,4.5,3.6,3.6,2.7,"04"
"audio/18.wav",39,1391.75058212501,1430.75840662498,9,3.6,1.8,1.8,1.8,"04"
"audio/19.wav",44,1486.15049912501,1530.158248833,7,2.7,0.9,0.9,1.8,"04"
"audio/20.wav",46,1567.934242666,1613.94772870801,9,5.4,1.8,1.8,3.6,"04"
"audio/21.wav",42,1654.75085483299,1696.75888391599,9,3.6,0.9,1.8,1.8,"04"
"audio/1.wav",42,21.3817600829934,63.847895791987,8,7.2,4.5,5.4,6.3,"05"
"audio/2.wav",38,118.469361625001,156.483214499982,9,9,8.1,8.1,8.1,"05"
"audio/3.wav",40,202.134296667005,242.146685874992,9,6.3,3.6,2.7,3.6,"05"
"audio/4.wav",33,287.343994374998,320.351993457996,9,5.4,9,9,4.5,"05"
"audio/5.wav",43,361.263081249985,404.276505707996,9,6.3,5.4,4.5,7.2,"05"
"audio/6.wav",34,447.23832241699,481.246009708004,9,5.4,7.2,7.2,5.4,"05"
"audio/7.wav",45,534.207378124993,579.220225917001,9,5.4,5.4,5.4,5.4,"05"
"audio/8.wav",40,621.031896667002,661.040077124984,9,5.4,9,9,3.6,"05"
"audio/9.wav",38,709.127964082989,747.136351458001,9,4.5,2.7,1.8,1.8,"05"
"audio/10.wav",38,784.374056208006,822.382629083004,9,4.5,1.8,1.8,2.7,"05"
"audio/11.wav",27,862.943853667006,889.951340708009,9,7.2,8.1,8.1,8.1,"05"
"audio/12.wav",39,930.840143666981,969.84834341699,9,6.3,8.1,7.2,7.2,"05"
"audio/13.wav",40,1005.78420366699,1045.79246324999,9,4.5,2.7,2.7,1.8,"05"
"audio/14.wav",43,1077.200647708,1120.20888670799,9,8.1,9,9,8.1,"05"
"audio/15.wav",19,1153.64081741701,1172.64977454199,9,7.2,9,9,7.2,"05"
"audio/16.wav",42,1205.112123375,1247.122063708,9,9,9,9,9,"05"
"audio/17.wav",38,1276.87168166699,1314.880846958,9,9,9,9,9,"05"
"audio/18.wav",39,1346.68648370801,1385.694035583,9,5.4,9,9,4.5,"05"
"audio/19.wav",44,1422.689155375,1466.69672883299,9,4.5,2.7,2.7,2.7,"05"
"audio/20.wav",46,1511.50471095799,1557.51743254199,9,8.1,3.6,7.2,9,"05"
"audio/21.wav",42,1607.00853295799,1649.01669258298,9,5.4,1.8,1.8,3.6,"05"
"audio/1.wav",42,7.07596466701943,49.5777654170233,7,6.3,0.9,1.8,1.8,"06"
"audio/2.wav",38,93.0206506250252,131.034457209025,9,3.6,3.6,2.7,3.6,"06"
"audio/3.wav",40,166.654091334,206.666026000021,9,3.6,1.8,1.8,3.6,"06"
"audio/4.wav",33,239.82905983401,272.836770709022,8,3.6,8.1,3.6,4.5,"06"
"audio/5.wav",43,315.740727084019,358.753084459022,9,3.6,2.7,1.8,3.6,"06"
"audio/6.wav",34,390.412589542015,424.42012325002,8,5.4,7.2,8.1,4.5,"06"
"audio/7.wav",45,453.229153959022,498.241435584001,9,3.6,1.8,1.8,3.6,"06"
"audio/8.wav",40,529.902345084003,569.911020584026,9,4.5,8.1,9,2.7,"06"
"audio/9.wav",38,600.612592792022,638.621400667005,9,2.7,2.7,1.8,1.8,"06"
"audio/10.wav",38,699.615236709011,737.622816667019,9,4.5,4.5,3.6,4.5,"06"
"audio/11.wav",27,768.501237042015,795.508084292,9,4.5,5.4,4.5,5.4,"06"
"audio/12.wav",39,825.894544625015,864.902635709004,9,3.6,2.7,1.8,2.7,"06"
"audio/13.wav",40,898.943331209011,938.951964667009,9,4.5,1.8,1.8,4.5,"06"
"audio/14.wav",43,972.110059042025,1015.118155459,9,2.7,6.3,6.3,4.5,"06"
"audio/15.wav",19,1047.31136933403,1066.31985750003,9,2.7,1.8,1.8,2.7,"06"
"audio/16.wav",42,1113.18421050001,1155.19305729202,9,4.5,4.5,6.3,4.5,"06"
"audio/17.wav",38,1196.63202058402,1234.64018583403,9,4.5,7.2,7.2,4.5,"06"
"audio/18.wav",39,1273.81636370902,1312.82430812501,9,5.4,7.2,7.2,6.3,"06"
"audio/19.wav",44,1341.05692550002,1385.06552720902,9,4.5,2.7,1.8,2.7,"06"
"audio/20.wav",46,1414.27859975002,1460.29048083402,9,4.5,5.4,2.7,6.3,"06"
"audio/21.wav",42,1496.36967604203,1538.37896795903,8,4.5,4.5,4.5,4.5,"06"
"audio/1.wav",42,26.4985321670001,68.5560637919998,9,8.1,3.6,2.7,7.2,"08"
"audio/2.wav",38,118.287571709,156.299929542,9,6.3,3.6,2.7,7.2,"08"
"audio/3.wav",40,198.897012625,238.908552209,9,9,7.2,4.5,9,"08"
"audio/4.wav",33,280.82596275,313.833442625,9,7.2,7.2,6.3,8.1,"08"
"audio/5.wav",43,351.680551209,394.692185875,9,7.2,1.8,1.8,4.5,"08"
"audio/6.wav",34,433.065746375,467.074033584,9,8.1,7.2,7.2,8.1,"08"
"audio/7.wav",45,501.575792667,546.588235417,9,6.3,3.6,2.7,6.3,"08"
"audio/8.wav",40,582.809511417,622.817501917,9,8.1,8.1,7.2,8.1,"08"
"audio/9.wav",38,656.545494584,694.555640959,9,6.3,5.4,4.5,4.5,"08"
"audio/10.wav",38,733.384146792,771.392265375,9,9,4.5,4.5,8.1,"08"
"audio/11.wav",27,808.5209315,835.5285125,9,6.3,5.4,5.4,6.3,"08"
"audio/12.wav",39,875.752455209,914.760688167,9,9,7.2,5.4,9,"08"
"audio/13.wav",40,946.609636584,986.617658459,9,8.1,5.4,4.5,7.2,"08"
"audio/14.wav",43,1021.528530709,1064.536751834,9,9,8.1,7.2,8.1,"08"
"audio/15.wav",19,1099.753845542,1118.762050834,9,8.1,7.2,6.3,8.1,"08"
"audio/16.wav",42,1150.994604625,1193.002871875,9,9,7.2,6.3,9,"08"
"audio/17.wav",38,1227.14450725,1265.152383584,7,7.2,8.1,7.2,8.1,"08"
"audio/18.wav",39,1311.889838584,1350.897648209,9,8.1,6.3,5.4,6.3,"08"
"audio/19.wav",44,1385.970480209,1429.979479959,9,9,7.2,4.5,7.2,"08"
"audio/20.wav",46,1466.32150275,1512.333677042,9,7.2,3.6,1.8,5.4,"08"
"audio/21.wav",42,1552.56981,1594.578163292,9,8.1,4.5,3.6,7.2,"08"
"audio/1.wav",42,25.6820414169997,67.7391003749981,9,7.2,6.3,5.4,6.3,"10"
"audio/2.wav",38,130.345258583999,168.357831999998,9,7.2,6.3,7.2,6.3,"10"
"audio/3.wav",40,222.865602667,262.876143375001,9,5.4,4.5,4.5,4.5,"10"
"audio/4.wav",33,310.752684333998,343.760005125001,9,6.3,7.2,7.2,7.2,"10"
"audio/5.wav",43,384.993592999999,428.004303166999,9,6.3,5.4,5.4,6.3,"10"
"audio/6.wav",34,472.681759874998,506.689149083999,9,7.2,7.2,7.2,7.2,"10"
"audio/7.wav",45,552.986772875,597.999439250001,9,5.4,4.5,4.5,5.4,"10"
"audio/8.wav",40,636.680874166999,676.688878749999,9,6.3,5.4,5.4,6.3,"10"
"audio/9.wav",38,716.034480334001,754.043500084001,9,4.5,4.5,3.6,3.6,"10"
"audio/10.wav",38,798.713346500001,836.721194541999,9,6.3,5.4,5.4,5.4,"10"
"audio/11.wav",27,877.594106708999,904.601207333999,9,4.5,4.5,4.5,3.6,"10"
"audio/12.wav",39,949.378975167001,988.388508417,9,3.6,3.6,2.7,5.4,"10"
"audio/13.wav",40,1028.850121792,1068.858428167,9,4.5,5.4,4.5,5.4,"10"
"audio/14.wav",43,1104.906512542,1147.914956292,9,5.4,5.4,4.5,5.4,"10"
"audio/15.wav",19,1187.369597959,1206.377987792,9,4.5,2.7,3.6,4.5,"10"
"audio/16.wav",42,1246.146089334,1288.154389375,9,7.2,7.2,5.4,7.2,"10"
"audio/17.wav",38,1325.883262792,1363.890872917,9,5.4,4.5,4.5,5.4,"10"
"audio/18.wav",39,1397.2096375,1436.217991292,9,7.2,7.2,6.3,7.2,"10"
"audio/19.wav",44,1477.378748042,1521.387316792,9,4.5,3.6,2.7,2.7,"10"
"audio/20.wav",46,1555.86611525,1601.878480542,9,3.6,1.8,1.8,1.8,"10"
"audio/21.wav",42,1637.594735167,1679.60288325,9,5.4,4.5,3.6,5.4,"10"
"audio/1.wav",42,29.71994825,71.8022905000034,9,6.3,3.6,3.6,5.4,"11"
"audio/2.wav",38,118.951018250002,156.965540708006,9,7.2,5.4,4.5,7.2,"11"
"audio/3.wav",40,209.687556625002,249.699326166003,9,8.1,3.6,2.7,5.4,"11"
"audio/4.wav",33,294.999579125004,328.006997208002,9,9,9,7.2,9,"11"
"audio/5.wav",43,361.710669416003,404.721742000002,9,6.3,5.4,5.4,6.3,"11"
"audio/6.wav",34,446.735854958002,480.743587416,9,9,8.1,8.1,9,"11"
"audio/7.wav",45,512.455363166002,557.468768291001,9,4.5,3.6,2.7,6.3,"11"
"audio/8.wav",40,597.575623041004,637.583651041001,9,3.6,6.3,4.5,4.5,"11"
"audio/9.wav",38,683.487679875005,721.495787666005,9,4.5,3.6,3.6,7.2,"11"
"audio/10.wav",38,760.224612208003,798.233038875005,9,8.1,4.5,4.5,7.2,"11"
"audio/11.wav",27,834.983060916005,861.989948125003,9,5.4,2.7,3.6,5.4,"11"
"audio/12.wav",39,900.152022333001,939.160021666001,9,6.3,6.3,5.4,8.1,"11"
"audio/13.wav",40,977.584305541,1017.593223208,9,6.3,4.5,3.6,6.3,"11"
"audio/14.wav",43,1054.25551141601,1097.265451583,9,7.2,6.3,6.3,7.2,"11"
"audio/15.wav",19,1138.918449833,1157.92728312501,9,4.5,2.7,1.8,5.4,"11"
"audio/16.wav",42,1197.368149333,1239.376949333,9,9,5.4,4.5,9,"11"
"audio/17.wav",38,1276.02370875001,1314.031946875,9,8.1,7.2,6.3,8.1,"11"
"audio/18.wav",39,1346.846271125,1385.85410116601,9,9,7.2,7.2,8.1,"11"
"audio/19.wav",44,1417.814928,1461.824082708,7,7.2,2.7,1.8,2.7,"11"
"audio/20.wav",46,1497.680493833,1543.693660041,9,7.2,2.7,2.7,8.1,"11"
"audio/21.wav",42,1578.75175370801,1620.759951375,9,9,6.3,6.3,8.1,"11"
"audio/1.wav",42,22.8075479169929,64.8677471669944,7,9,4.5,7.2,9,"12"
"audio/2.wav",38,140.469206042006,178.482402167007,9,7.2,8.1,8.1,9,"12"
"audio/3.wav",40,229.390160750001,269.401754082995,8,7.2,1.8,1.8,7.2,"12"
"audio/4.wav",33,313.165681416998,346.173759875004,9,8.1,8.1,9,8.1,"12"
"audio/5.wav",43,386.614343167006,429.625994167,9,6.3,0.9,0.9,0.9,"12"
"audio/6.wav",34,468.879253332998,502.886580999999,9,2.7,6.3,7.2,5.4,"12"
"audio/7.wav",45,558.911113374998,603.924333250005,9,6.3,0.9,0.9,9,"12"
"audio/8.wav",40,652.623625875,692.632373707995,9,2.7,5.4,9,9,"12"
"audio/9.wav",38,736.174875792,774.184105749999,9,3.6,7.2,7.2,2.7,"12"
"audio/10.wav",38,812.15917775,850.166715041996,9,7.2,3.6,2.7,9,"12"
"audio/11.wav",27,893.454637707997,920.461620125003,8,8.1,8.1,8.1,8.1,"12"
"audio/12.wav",39,958.030814541999,997.038854875005,9,3.6,0.9,3.6,9,"12"
"audio/13.wav",40,1031.399426583,1071.406993583,9,4.5,0.9,0.9,7.2,"12"
"audio/14.wav",43,1109.942854375,1152.95247304199,9,8.1,6.3,7.2,7.2,"12"
"audio/15.wav",19,1190.06401783301,1209.072067292,9,5.4,0.9,0.9,7.2,"12"
"audio/16.wav",42,1248.216435667,1290.22539075,9,9,7.2,7.2,5.4,"12"
"audio/17.wav",38,1334.303622042,1372.311607333,9,7.2,7.2,8.1,8.1,"12"
"audio/18.wav",39,1407.471600417,1446.48000554201,9,9,5.4,5.4,5.4,"12"
"audio/19.wav",44,1485.95976625,1529.967578333,9,8.1,7.2,7.2,7.2,"12"
"audio/20.wav",46,1561.207782667,1607.2211105,9,8.1,7.2,8.1,9,"12"
"audio/21.wav",42,1640.02435675,1682.031978083,9,7.2,0.9,0.9,0.9,"12"
"audio/1.wav",42,15.7927781250037,57.8662164580019,9,6.3,0.9,1.8,2.7,"14"
"audio/2.wav",38,107.288666374996,145.303135583003,9,8.1,4.5,3.6,7.2,"14"
"audio/3.wav",40,181.967943833006,221.979562374996,9,5.4,0.9,0.9,5.4,"14"
"audio/4.wav",33,260.600837125006,293.608794957996,9,9,9,7.2,9,"14"
"audio/5.wav",43,323.385619207998,366.398068708004,9,4.5,5.4,5.4,4.5,"14"
"audio/6.wav",34,399.384108500002,433.391463874999,9,7.2,8.1,8.1,9,"14"
"audio/7.wav",45,463.585055375006,508.599580541995,9,4.5,1.8,2.7,2.7,"14"
"audio/8.wav",40,547.816365457998,587.824691292,9,3.6,3.6,4.5,3.6,"14"
"audio/9.wav",38,624.369348082997,662.379140749996,9,2.7,0.9,3.6,2.7,"14"
"audio/10.wav",38,698.025983375002,736.033996583006,9,3.6,1.8,1.8,2.7,"14"
"audio/11.wav",27,771.066143874996,798.072207167002,9,4.5,2.7,4.5,2.7,"14"
"audio/12.wav",39,833.256341917004,872.264310083003,9,2.7,1.8,2.7,1.8,"14"
"audio/13.wav",40,902.561788583,942.570506999997,9,0.9,0.9,0.9,0.9,"14"
"audio/14.wav",43,968.256913375008,1011.266188625,9,4.5,4.5,3.6,4.5,"14"
"audio/15.wav",19,1043.290816625,1062.298245375,9,5.4,2.7,1.8,5.4,"14"
"audio/16.wav",42,1090.761441917,1132.771740625,9,8.1,2.7,2.7,8.1,"14"
"audio/17.wav",38,1165.24928975001,1203.257620958,9,1.8,4.5,1.8,2.7,"14"
"audio/18.wav",39,1236.345683208,1275.369478708,9,4.5,3.6,4.5,3.6,"14"
"audio/19.wav",44,1304.53782391701,1348.54663500001,9,1.8,0.9,0.9,0.9,"14"
"audio/20.wav",46,1379.106054583,1425.125682458,9,5.4,4.5,3.6,4.5,"14"
"audio/21.wav",42,1458.273883708,1500.28298758301,9,2.7,2.7,2.7,3.6,"14"
"audio/1.wav",42,25.9089682500053,68.0008983750013,6,4.5,5.4,5.4,4.5,"16"
"audio/2.wav",38,140.406377167004,178.419110333984,7,6.3,6.3,6.3,6.3,"16"
"audio/3.wav",40,220.363621666998,260.37812524999,8,4.5,3.6,3.6,5.4,"16"
"audio/4.wav",33,296.820760916977,329.829973083979,8,5.4,8.1,8.1,8.1,"16"
"audio/5.wav",43,367.22977424998,410.241042791982,9,6.3,6.3,6.3,6.3,"16"
"audio/6.wav",34,448.036965459003,482.043901500001,8,6.3,7.2,6.3,6.3,"16"
"audio/7.wav",45,511.644563041977,556.664201167005,8,6.3,6.3,5.4,6.3,"16"
"audio/8.wav",40,591.302308416984,631.311903583992,8,6.3,6.3,6.3,6.3,"16"
"audio/9.wav",38,669.294034041988,707.301593291981,8,5.4,5.4,5.4,5.4,"16"
"audio/10.wav",38,739.086622292001,777.094292416994,8,6.3,5.4,5.4,7.2,"16"
"audio/11.wav",27,808.686751333997,835.694478624995,8,6.3,5.4,5.4,5.4,"16"
"audio/12.wav",39,871.903632667003,910.911966791988,8,7.2,6.3,5.4,6.3,"16"
"audio/13.wav",40,951.935444667004,991.943258791987,7,5.4,4.5,4.5,3.6,"16"
"audio/14.wav",43,1023.19204691699,1066.201539667,9,7.2,7.2,7.2,7.2,"16"
"audio/15.wav",19,1097.75118420899,1116.75948937499,8,5.4,5.4,4.5,4.5,"16"
"audio/16.wav",42,1148.35878012498,1190.36791929198,8,8.1,4.5,4.5,5.4,"16"
"audio/17.wav",38,1222.261726667,1260.269501959,8,7.2,5.4,5.4,6.3,"16"
"audio/18.wav",39,1296.24703850001,1335.25553754199,8,7.2,7.2,5.4,9,"16"
"audio/19.wav",44,1365.151854417,1409.159957875,8,6.3,3.6,3.6,3.6,"16"
"audio/20.wav",46,1445.13572587498,1491.149855917,8,6.3,5.4,4.5,5.4,"16"
"audio/21.wav",42,1532.10384995898,1574.11253758398,8,7.2,5.4,2.7,8.1,"16"
"audio/1.wav",42,22.7353758340178,64.8326555420063,8,5.4,1.8,1.8,2.7,"17"
"audio/2.wav",38,117.119179959001,155.134890167014,9,1.8,2.7,2.7,2.7,"17"
"audio/3.wav",40,193.871738334012,233.883991209004,9,1.8,1.8,1.8,2.7,"17"
"audio/4.wav",33,269.504372875002,302.512946500006,9,2.7,3.6,3.6,3.6,"17"
"audio/5.wav",43,344.536333042022,387.548877709021,9,3.6,2.7,2.7,3.6,"17"
"audio/6.wav",34,432.231873625016,466.239917708997,9,2.7,5.4,3.6,3.6,"17"
"audio/7.wav",45,518.344707792014,563.35698154202,9,2.7,1.8,1.8,2.7,"17"
"audio/8.wav",40,603.176521250018,643.185362084012,8,1.8,1.8,1.8,1.8,"17"
"audio/9.wav",38,690.160005000012,728.168436750013,9,2.7,3.6,3.6,2.7,"17"
"audio/10.wav",38,770.937829375005,808.945812834019,9,4.5,2.7,2.7,2.7,"17"
"audio/11.wav",27,853.528643875004,880.535520459001,9,3.6,2.7,2.7,2.7,"17"
"audio/12.wav",39,917.729183500022,956.736742042005,9,3.6,1.8,1.8,1.8,"17"
"audio/13.wav",40,993.272704042,1033.28043100002,9,3.6,1.8,1.8,1.8,"17"
"audio/14.wav",43,1069.86592766701,1112.87539595901,9,3.6,2.7,2.7,1.8,"17"
"audio/15.wav",19,1151.62558366702,1170.634678417,5,5.4,5.4,1.8,4.5,"17"
"audio/16.wav",42,1207.498345042,1249.50691266701,9,5.4,1.8,1.8,1.8,"17"
"audio/17.wav",38,1282.81782500001,1320.82940175,9,4.5,1.8,2.7,2.7,"17"
"audio/18.wav",39,1359.49750912501,1398.50578600002,9,5.4,1.8,2.7,3.6,"17"
"audio/19.wav",44,1437.72988904201,1481.73882637502,4,1.8,1.8,1.8,1.8,"17"
"audio/20.wav",46,1516.23374408402,1562.24699558402,9,4.5,1.8,2.7,3.6,"17"
"audio/21.wav",42,1592.634537417,1634.642429125,9,4.5,1.8,3.6,4.5,"17"
"audio/1.wav",42,11.9298199579935,54.021964582993,9,6.3,4.5,3.6,5.4,"18"
"audio/2.wav",38,99.5916492909892,137.606324583001,9,7.2,6.3,5.4,6.3,"18"
"audio/3.wav",40,175.481711874978,215.49343420798,9,7.2,2.7,1.8,2.7,"18"
"audio/4.wav",33,259.473351790977,292.481443707977,9,7.2,9,7.2,8.1,"18"
"audio/5.wav",43,329.688725957996,372.699642166001,9,8.1,7.2,7.2,7.2,"18"
"audio/6.wav",34,403.146015249979,437.153663207981,9,8.1,8.1,8.1,8.1,"18"
"audio/7.wav",45,469.225060957979,514.237237207999,9,7.2,5.4,3.6,6.3,"18"
"audio/8.wav",40,548.106505999982,588.115564415988,8,7.2,6.3,5.4,5.4,"18"
"audio/9.wav",38,621.841953458003,659.85154920799,9,5.4,3.6,2.7,3.6,"18"
"audio/10.wav",38,695.585631041002,733.595064832974,9,5.4,2.7,2.7,4.5,"18"
"audio/11.wav",27,765.202832124982,792.209679082996,9,5.4,4.5,4.5,4.5,"18"
"audio/12.wav",39,824.226683165994,863.234113165992,9,5.4,4.5,4.5,6.3,"18"
"audio/13.wav",40,897.393945624994,937.402277207992,9,4.5,2.7,2.7,3.6,"18"
"audio/14.wav",43,965.250388374989,1008.25844029099,9,6.3,5.4,5.4,5.4,"18"
"audio/15.wav",19,1040.25897529098,1059.267842125,9,4.5,3.6,2.7,4.5,"18"
"audio/16.wav",42,1089.01952358297,1131.02858279098,9,7.2,4.5,3.6,3.6,"18"
"audio/17.wav",38,1164.96373695799,1202.97160237498,9,6.3,6.3,6.3,6.3,"18"
"audio/18.wav",39,1233.803959791,1272.81224366598,8,8.1,7.2,7.2,7.2,"18"
"audio/19.wav",44,1304.04311054098,1348.05196783299,9,6.3,4.5,3.6,4.5,"18"
"audio/20.wav",46,1379.40343279098,1425.41706808298,9,5.4,3.6,3.6,5.4,"18"
"audio/21.wav",42,1453.363528583,1495.37272416599,9,6.3,3.6,2.7,2.7,"18"
"audio/1.wav",42,15.9617725830176,58.0278317079938,9,9,3.6,0.9,9,"19"
"audio/2.wav",38,114.257109291008,152.26908925001,8,4.5,4.5,3.6,2.7,"19"
"audio/3.wav",40,187.503831957991,227.515980750002,9,6.3,0.9,1.8,0.9,"19"
"audio/4.wav",33,266.289012875,299.296827750019,8,6.3,6.3,5.4,7.2,"19"
"audio/5.wav",43,333.304809291003,376.318716250011,9,9,3.6,2.7,4.5,"19"
"audio/6.wav",34,416.976739916019,450.984685666015,9,8.1,9,7.2,5.4,"19"
"audio/7.wav",45,484.688682915992,529.700933707994,9,5.4,6.3,2.7,8.1,"19"
"audio/8.wav",40,571.801990875014,611.808961625007,9,3.6,9,7.2,2.7,"19"
"audio/9.wav",38,646.944639791007,684.952377500013,9,3.6,5.4,1.8,4.5,"19"
"audio/10.wav",38,725.675599540991,763.683264374995,9,7.2,7.2,3.6,9,"19"
"audio/11.wav",27,797.170880624995,824.178525458003,9,2.7,4.5,2.7,2.7,"19"
"audio/12.wav",39,856.96174870801,895.968796083005,9,8.1,3.6,4.5,7.2,"19"
"audio/13.wav",40,937.953486540995,977.960920458019,9,4.5,1.8,0.9,1.8,"19"
"audio/14.wav",43,1012.53745366601,1055.54668379101,9,7.2,3.6,4.5,6.3,"19"
"audio/15.wav",19,1101.65117516601,1120.65944362502,9,3.6,4.5,3.6,1.8,"19"
"audio/16.wav",42,1153.42688787502,1195.43521829101,9,9,3.6,1.8,6.3,"19"
"audio/17.wav",38,1229.761114833,1267.76837441602,9,8.1,4.5,6.3,9,"19"
"audio/18.wav",39,1301.10827112501,1340.116090583,0,7.2,5.4,4.5,6.3,"19"
"audio/19.wav",44,1392.874830416,1436.88310391601,9,7.2,3.6,1.8,5.4,"19"
"audio/20.wav",46,1467.17946029099,1513.19187745801,9,8.1,6.3,1.8,9,"19"
"audio/21.wav",42,1551.747201958,1593.756455208,9,7.2,9,2.7,3.6,"19"
"audio/1.wav",42,29.9313170829555,71.9988305830047,8,7.2,4.5,3.6,6.3,"20"
"audio/2.wav",38,151.635979749961,189.652088165982,9,7.2,5.4,4.5,6.3,"20"
"audio/3.wav",40,251.115331207984,291.132928332954,9,7.2,4.5,3.6,7.2,"20"
"audio/4.wav",33,344.38851791597,377.396011707955,7,8.1,6.3,7.2,8.1,"20"
"audio/5.wav",43,426.981236041,469.999608082988,9,7.2,5.4,4.5,6.3,"20"
"audio/6.wav",34,521.339808958,555.348334165988,9,6.3,6.3,4.5,6.3,"20"
"audio/7.wav",45,602.123008165974,647.136269249953,8,7.2,4.5,5.4,7.2,"20"
"audio/8.wav",40,698.156009499973,738.164166540955,8,6.3,4.5,3.6,4.5,"20"
"audio/9.wav",38,780.276168999961,818.28435045795,9,4.5,3.6,3.6,3.6,"20"
"audio/10.wav",38,862.53948024998,900.546738832956,8,4.5,3.6,3.6,3.6,"20"
"audio/11.wav",27,943.027903040987,970.035053625004,8,3.6,2.7,2.7,2.7,"20"
"audio/12.wav",39,1003.37880091596,1042.38636854099,9,2.7,2.7,2.7,2.7,"20"
"audio/13.wav",40,1081.30040604097,1121.30920716596,9,3.6,3.6,3.6,4.5,"20"
"audio/14.wav",43,1164.31646833295,1207.32536454097,8,7.2,4.5,3.6,6.3,"20"
"audio/15.wav",19,1255.39669158298,1274.40475024999,9,7.2,4.5,3.6,6.3,"20"
"audio/16.wav",42,1312.60377637501,1354.61300395796,8,7.2,4.5,3.6,7.2,"20"
"audio/17.wav",38,1399.38069058297,1437.38717870798,9,6.3,4.5,2.7,5.4,"20"
"audio/18.wav",39,1479.83813704096,1518.84590954101,9,6.3,4.5,3.6,4.5,"20"
"audio/19.wav",44,1563.21922912495,1607.22794274997,8,6.3,3.6,2.7,4.5,"20"
"audio/20.wav",46,1643.22028304095,1689.238013416,9,7.2,4.5,3.6,6.3,"20"
"audio/21.wav",42,1726.98084162496,1768.98917429097,8,6.3,3.6,2.7,4.5,"20"
"audio/1.wav",42,21.900728291017,63.991769040993,9,8.1,3.6,7.2,8.1,"21"
"audio/2.wav",38,122.541599958029,160.559257832996,9,3.6,3.6,0.9,4.5,"21"
"audio/3.wav",40,207.140966458013,247.154436665995,9,1.8,1.8,1.8,3.6,"21"
"audio/4.wav",33,285.102058249991,318.110208916012,8,2.7,3.6,0.9,4.5,"21"
"audio/5.wav",43,361.286500541028,404.297864083026,9,7.2,5.4,3.6,8.1,"21"
"audio/6.wav",34,442.053968208027,476.061662374996,9,5.4,6.3,4.5,7.2,"21"
"audio/7.wav",45,516.892934333009,561.905263875029,9,3.6,1.8,1.8,5.4,"21"
"audio/8.wav",40,598.686774250004,638.694873583037,9,1.8,5.4,1.8,4.5,"21"
"audio/9.wav",38,675.855332708044,713.863180458022,9,1.8,3.6,1.8,5.4,"21"
"audio/10.wav",38,750.95717108302,788.96483404102,9,5.4,5.4,3.6,8.1,"21"
"audio/11.wav",27,824.398329625023,851.405229250027,9,5.4,4.5,6.3,6.3,"21"
"audio/12.wav",39,884.262671125005,923.269459958014,9,3.6,2.7,2.7,7.2,"21"
"audio/13.wav",40,959.269634124998,999.277675707999,9,2.7,0.9,1.8,2.7,"21"
"audio/14.wav",43,1036.49409700005,1079.50178941601,9,4.5,3.6,1.8,3.6,"21"
"audio/15.wav",19,1115.22275741602,1134.23072362499,9,2.7,0.9,0.9,2.7,"21"
"audio/16.wav",42,1169.19727983302,1211.20584595803,9,8.1,5.4,2.7,9,"21"
"audio/17.wav",38,1245.91199279099,1283.919818833,9,6.3,6.3,5.4,7.2,"21"
"audio/18.wav",39,1312.70276091603,1351.71115970804,9,8.1,4.5,2.7,7.2,"21"
"audio/19.wav",44,1387.13432587503,1431.14252550004,9,4.5,0.9,1.8,1.8,"21"
"audio/20.wav",46,1465.17537866603,1511.18890125002,9,2.7,0.9,0.9,1.8,"21"
"audio/21.wav",42,1542.51144145802,1584.51992825,9,5.4,0.9,0.9,2.7,"21"
"audio/1.wav",42,20.8766540000001,62.9514839579997,8,2.7,1.8,2.7,2.7,"22"
"audio/2.wav",38,128.907125541,166.91916775,9,1.8,1.8,1.8,1.8,"22"
"audio/3.wav",40,220.715028458,260.725719833,9,1.8,0.9,1.8,1.8,"22"
"audio/4.wav",33,307.60396825,340.611000083,9,3.6,4.5,4.5,4.5,"22"
"audio/5.wav",43,393.41201375,436.4246525,9,2.7,4.5,3.6,1.8,"22"
"audio/6.wav",34,485.211180708,519.218202875,9,3.6,6.3,3.6,2.7,"22"
"audio/7.wav",45,576.139299458,621.152638333,9,1.8,0.9,0.9,1.8,"22"
"audio/8.wav",40,662.555920833,702.56406975,8,2.7,4.5,2.7,2.7,"22"
"audio/9.wav",38,761.636231083,799.645390166,9,1.8,1.8,0.9,1.8,"22"
"audio/10.wav",38,845.340753166,883.348562125,9,2.7,0.9,2.7,1.8,"22"
"audio/11.wav",27,925.917246625,952.924501958,9,1.8,1.8,1.8,1.8,"22"
"audio/12.wav",39,996.908954,1035.91718925,9,2.7,0.9,1.8,2.7,"22"
"audio/13.wav",40,1081.613073208,1121.621025333,9,1.8,1.8,1.8,0.9,"22"
"audio/14.wav",43,1165.877946375,1208.886557375,9,2.7,2.7,2.7,2.7,"22"
"audio/15.wav",19,1252.541224583,1271.549852375,9,0.9,0.9,0.9,0.9,"22"
"audio/16.wav",42,1308.885898666,1350.894459125,9,3.6,2.7,2.7,3.6,"22"
"audio/17.wav",38,1392.965588041,1430.973955666,9,1.8,2.7,4.5,1.8,"22"
"audio/18.wav",39,1478.81204725,1517.819868208,9,5.4,5.4,5.4,2.7,"22"
"audio/19.wav",44,1567.621788875,1611.63003375,9,1.8,0.9,0.9,0.9,"22"
"audio/20.wav",46,1653.939982208,1699.952628416,9,2.7,0.9,0.9,2.7,"22"
"audio/21.wav",42,1738.092939458,1780.10141275,9,2.7,0.9,0.9,0.9,"22"
"audio/1.wav",42,40.6448951659986,82.7148053749988,9,5.4,0.9,0.9,5.4,"23"
"audio/2.wav",38,132.100621624999,170.113940707999,9,2.7,5.4,5.4,5.4,"23"
"audio/3.wav",40,223.764322749999,263.774751207999,9,5.4,1.8,0.9,5.4,"23"
"audio/4.wav",33,309.268296832999,342.275841582999,9,9,9,7.2,9,"23"
"audio/5.wav",43,382.228545165999,425.240192583,9,9,9,8.1,7.2,"23"
"audio/6.wav",34,476.620629166,510.627972875,9,8.1,9,8.1,7.2,"23"
"audio/7.wav",45,549.74118225,594.75404575,9,9,8.1,5.4,9,"23"
"audio/8.wav",40,634.868363083,674.875683082999,9,5.4,5.4,6.3,5.4,"23"
"audio/9.wav",38,712.412479457998,750.421033499999,9,6.3,5.4,6.3,5.4,"23"
"audio/10.wav",38,784.013342374999,822.021097457999,9,9,5.4,5.4,9,"23"
"audio/11.wav",27,863.733202957999,890.739901875,9,8.1,9,9,9,"23"
"audio/12.wav",39,918.813331791,957.821361832999,9,8.1,7.2,6.3,6.3,"23"
"audio/13.wav",40,993.148272375,1033.156189208,9,7.2,5.4,5.4,5.4,"23"
"audio/14.wav",43,1065.436229833,1108.444932958,9,7.2,7.2,6.3,8.1,"23"
"audio/15.wav",19,1143.213955708,1162.221682041,9,5.4,0.9,0.9,1.8,"23"
"audio/16.wav",42,1198.188396833,1240.197481208,9,7.2,6.3,6.3,7.2,"23"
"audio/17.wav",38,1275.390126666,1313.39798775,9,9,9,9,9,"23"
"audio/18.wav",39,1345.565756208,1384.573848958,9,9,9,9,9,"23"
"audio/19.wav",44,1418.246506708,1462.254729708,9,7.2,1.8,2.7,0.9,"23"
"audio/20.wav",46,1499.886189875,1545.898742916,9,9,5.4,2.7,5.4,"23"
"audio/21.wav",42,1579.245466708,1621.253901083,9,8.1,4.5,1.8,1.8,"23"
"audio/1.wav",42,24.1257190830001,66.2149588330012,9,6.3,5.4,4.5,6.3,"24"
"audio/2.wav",38,113.716801625,151.730326875,9,7.2,4.5,3.6,3.6,"24"
"audio/3.wav",40,192.333236167,232.344553958001,9,1.8,2.7,2.7,0.9,"24"
"audio/4.wav",33,271.053511042001,304.060597792,9,7.2,6.3,7.2,7.2,"24"
"audio/5.wav",43,340.734114667001,383.745546375001,9,6.3,6.3,6.3,6.3,"24"
"audio/6.wav",34,419.981952125001,453.990478458001,9,8.1,8.1,7.2,7.2,"24"
"audio/7.wav",45,490.053941333001,535.066876125,9,5.4,4.5,2.7,1.8,"24"
"audio/8.wav",40,569.269699083001,609.278932875,9,6.3,4.5,6.3,6.3,"24"
"audio/9.wav",38,645.646446750001,683.656909958001,9,8.1,6.3,7.2,6.3,"24"
"audio/10.wav",38,723.750883292001,761.758603583001,9,8.1,7.2,6.3,7.2,"24"
"audio/11.wav",27,796.782177167,823.789651625,9,6.3,3.6,2.7,3.6,"24"
"audio/12.wav",39,858.070396875,897.079059708001,9,6.3,5.4,4.5,5.4,"24"
"audio/13.wav",40,933.286519167001,973.295028333001,9,7.2,4.5,4.5,6.3,"24"
"audio/14.wav",43,1006.550763333,1049.559658708,9,6.3,4.5,4.5,5.4,"24"
"audio/15.wav",19,1086.703349375,1105.711595542,9,8.1,7.2,6.3,7.2,"24"
"audio/16.wav",42,1136.879918792,1178.88894725,9,8.1,6.3,7.2,8.1,"24"
"audio/17.wav",38,1210.278797917,1248.286938667,9,5.4,4.5,4.5,4.5,"24"
"audio/18.wav",39,1281.575444833,1320.583470167,9,7.2,7.2,7.2,7.2,"24"
"audio/19.wav",44,1353.935467125,1397.943751708,9,6.3,5.4,4.5,4.5,"24"
"audio/20.wav",46,1427.84037675,1473.853078333,9,7.2,4.5,5.4,4.5,"24"
"audio/21.wav",42,1505.280749958,1547.288148375,9,4.5,4.5,4.5,4.5,"24"
"audio/1.wav",42,27.363577250002,69.4371260420012,9,6.3,0.9,0.9,0.9,"25"
"audio/2.wav",38,109.362147375003,147.376466666999,9,4.5,2.7,1.8,2.7,"25"
"audio/3.wav",40,184.864086292,224.876673167,9,6.3,4.5,3.6,8.1,"25"
"audio/4.wav",33,263.498131542001,296.505677542002,9,7.2,8.1,5.4,8.1,"25"
"audio/5.wav",43,333.304465542002,376.316773667,9,4.5,2.7,1.8,2.7,"25"
"audio/6.wav",34,415.506669292001,449.514429167,9,5.4,7.2,5.4,6.3,"25"
"audio/7.wav",45,491.800964583999,536.813305542,9,2.7,0.9,0.9,4.5,"25"
"audio/8.wav",40,572.177792042003,612.186706417,9,4.5,2.7,0.9,5.4,"25"
"audio/9.wav",38,645.376818334,683.385524125002,9,6.3,1.8,1.8,5.4,"25"
"audio/10.wav",38,720.064951084001,758.073396874999,9,6.3,2.7,1.8,3.6,"25"
"audio/11.wav",27,787.154095917002,814.160461292002,9,3.6,2.7,0.9,3.6,"25"
"audio/12.wav",39,845.553770541999,884.562457333999,9,2.7,0.9,0.9,3.6,"25"
"audio/13.wav",40,917.619526541999,957.628026292001,9,3.6,1.8,0.9,2.7,"25"
"audio/14.wav",43,990.281852333999,1033.291914834,9,4.5,2.7,3.6,3.6,"25"
"audio/15.wav",19,1065.0576235,1084.067026125,9,5.4,7.2,1.8,8.1,"25"
"audio/16.wav",42,1116.578113667,1158.5878635,9,6.3,2.7,2.7,6.3,"25"
"audio/17.wav",38,1197.675118625,1235.68369975,9,7.2,7.2,6.3,6.3,"25"
"audio/18.wav",39,1270.218549375,1309.226317459,9,7.2,3.6,5.4,6.3,"25"
"audio/19.wav",44,1342.563926459,1386.572341709,9,5.4,0.9,1.8,0.9,"25"
"audio/20.wav",46,1417.907986834,1463.920585709,9,6.3,3.6,2.7,7.2,"25"
"audio/21.wav",42,1496.283976625,1538.292082792,9,5.4,5.4,5.4,5.4,"25"
"audio/1.wav",42,23.5741427499997,65.6661620409996,9,8.1,0.9,0.9,5.4,"26"
"audio/2.wav",38,127.109225083,165.122642832999,9,6.3,3.6,4.5,3.6,"26"
"audio/3.wav",40,213.783962625,253.794701458,9,1.8,0.9,0.9,0.9,"26"
"audio/4.wav",33,293.726265916,326.733900625,8,5.4,7.2,6.3,5.4,"26"
"audio/5.wav",43,362.389359541,405.401500999999,9,4.5,3.6,2.7,3.6,"26"
"audio/6.wav",34,441.839590791,475.847572082999,9,2.7,0.9,0.9,0.9,"26"
"audio/7.wav",45,516.656368375,561.669658999999,9,7.2,4.5,2.7,4.5,"26"
"audio/8.wav",40,595.031431458,635.041176166,9,0.9,9,9,0.9,"26"
"audio/9.wav",38,670.582221958,708.590759,9,0.9,9,2.7,0.9,"26"
"audio/10.wav",38,745.784350749999,783.792648082999,8,4.5,3.6,4.5,3.6,"26"
"audio/11.wav",27,814.831904791,841.839559583,9,2.7,9,0.9,0.9,"26"
"audio/12.wav",39,883.728754125,922.736675791,9,8.1,3.6,2.7,7.2,"26"
"audio/13.wav",40,954.958674166,994.967238165999,9,0.9,0.9,0.9,0.9,"26"
"audio/14.wav",43,1020.4970845,1063.505379916,9,0.9,0.9,0.9,0.9,"26"
"audio/15.wav",19,1087.104353166,1106.112848625,9,0.9,0.9,0.9,0.9,"26"
"audio/16.wav",42,1133.8245285,1175.833704708,9,0.9,3.6,2.7,3.6,"26"
"audio/17.wav",38,1211.960908916,1249.969067583,9,6.3,4.5,1.8,6.3,"26"
"audio/18.wav",39,1281.224676958,1320.2327915,9,9,9,8.1,8.1,"26"
"audio/19.wav",44,1352.833460041,1396.841853,9,2.7,0.9,0.9,0.9,"26"
"audio/20.wav",46,1428.06543225,1474.077801,9,3.6,4.5,3.6,4.5,"26"
"audio/21.wav",42,1509.576130083,1551.583717541,9,7.2,5.4,3.6,7.2,"26"
"audio/1.wav",42,21.7750755829984,63.8427592909975,9,8.1,2.7,2.7,6.3,"27"
"audio/2.wav",38,125.831414749999,163.845013624999,7,9,8.1,7.2,9,"27"
"audio/3.wav",40,213.205657374998,253.216172290999,9,3.6,2.7,0.9,2.7,"27"
"audio/4.wav",33,302.831030375,335.838742290998,9,9,9,6.3,9,"27"
"audio/5.wav",43,375.87245725,418.884760375,9,6.3,5.4,5.4,4.5,"27"
"audio/6.wav",34,470.030748916,504.038176374997,9,7.2,7.2,5.4,3.6,"27"
"audio/7.wav",45,549.630583457998,594.642863333,9,5.4,2.7,2.7,3.6,"27"
"audio/8.wav",40,632.41499275,672.423950832999,9,2.7,2.7,1.8,2.7,"27"
"audio/9.wav",38,707.103253457997,745.113903957998,9,3.6,4.5,1.8,1.8,"27"
"audio/10.wav",38,781.767425582999,819.774835,9,6.3,3.6,3.6,3.6,"27"
"audio/11.wav",27,852.415384832999,879.422625499999,9,2.7,1.8,0.9,1.8,"27"
"audio/12.wav",39,915.823288958,954.831685416,9,5.4,1.8,1.8,3.6,"27"
"audio/13.wav",40,988.759471540998,1028.767624708,9,4.5,2.7,1.8,1.8,"27"
"audio/14.wav",43,1065.847782291,1108.856602416,9,5.4,9,6.3,6.3,"27"
"audio/15.wav",19,1142.320389166,1161.32904525,9,3.6,1.8,1.8,1.8,"27"
"audio/16.wav",42,1194.377009541,1236.385619833,9,4.5,1.8,0.9,2.7,"27"
"audio/17.wav",38,1268.481301666,1306.4896125,9,3.6,2.7,1.8,3.6,"27"
"audio/18.wav",39,1344.384357833,1383.391475125,9,7.2,3.6,4.5,4.5,"27"
"audio/19.wav",44,1417.296921208,1461.305832666,9,3.6,2.7,0.9,2.7,"27"
"audio/20.wav",46,1494.264553875,1540.2774155,9,7.2,0.9,2.7,5.4,"27"
"audio/21.wav",42,1569.178773958,1611.1864345,9,9,2.7,6.3,7.2,"27"
"audio/1.wav",42,33.0506393330002,75.1266663329998,9,6.3,5.4,3.6,2.7,"28"
"audio/2.wav",38,147.009985167,185.022636,8,7.2,8.1,8.1,8.1,"28"
"audio/3.wav",40,290.481952875,330.494411125,9,5.4,3.6,1.8,6.3,"28"
"audio/4.wav",33,398.553897542,431.561462458,7,5.4,8.1,8.1,8.1,"28"
"audio/5.wav",43,477.074641917,520.0871765,9,6.3,0.9,1.8,4.5,"28"
"audio/6.wav",34,582.658109542,616.665188583,8,3.6,7.2,6.3,7.2,"28"
"audio/7.wav",45,664.428149083,709.442120833,5,5.4,3.6,3.6,4.5,"28"
"audio/8.wav",40,755.082164375,795.090366708,7,6.3,7.2,7.2,7.2,"28"
"audio/9.wav",38,837.56219475,875.570545042,8,7.2,8.1,9,8.1,"28"
"audio/10.wav",38,916.748008042,954.755902083,9,9,9,9,9,"28"
"audio/11.wav",27,989.777606833,1016.784940958,8,5.4,4.5,5.4,4.5,"28"
"audio/12.wav",39,1059.825368125,1098.833375083,9,8.1,6.3,6.3,9,"28"
"audio/13.wav",40,1139.012389167,1179.021098583,9,8.1,3.6,2.7,6.3,"28"
"audio/14.wav",43,1221.251794292,1264.260503458,9,9,4.5,4.5,8.1,"28"
"audio/15.wav",19,1304.083275833,1323.091994208,9,3.6,9,8.1,8.1,"28"
"audio/16.wav",42,1359.3456545,1401.354118375,9,8.1,6.3,8.1,7.2,"28"
"audio/17.wav",38,1437.371998125,1475.380447833,9,6.3,9,8.1,9,"28"
"audio/18.wav",39,1513.868209292,1552.874845292,9,9,9,9,9,"28"
"audio/19.wav",44,1595.676464625,1639.684759125,9,8.1,5.4,6.3,9,"28"
"audio/20.wav",46,1681.4528905,1727.465783958,9,7.2,9,3.6,9,"28"
"audio/21.wav",42,1767.036753708,1809.04520225,9,5.4,6.3,6.3,9,"28"
"audio/1.wav",42,16.3815423749984,58.6537236669974,7,7.2,4.5,4.5,3.6,"29"
"audio/2.wav",38,107.438238167,145.461753416996,8,6.3,5.4,5.4,8.1,"29"
"audio/3.wav",40,182.701256374996,222.722308499993,9,7.2,7.2,5.4,8.1,"29"
"audio/4.wav",33,256.422025957996,289.439255374993,9,7.2,9,9,8.1,"29"
"audio/5.wav",43,324.172961249998,367.194513082999,8,6.3,7.2,6.3,5.4,"29"
"audio/6.wav",34,400.781151124996,434.794490957996,9,6.3,8.1,7.2,7.2,"29"
"audio/7.wav",45,466.542293957995,511.565448916997,9,4.5,3.6,2.7,4.5,"29"
"audio/8.wav",40,543.205412416995,583.220983374995,9,6.3,7.2,7.2,8.1,"29"
"audio/9.wav",38,612.622309541999,650.638864541994,9,5.4,7.2,6.3,6.3,"29"
"audio/10.wav",38,680.126941499999,718.140436124995,9,7.2,3.6,3.6,6.3,"29"
"audio/11.wav",27,751.933184832997,778.948536207994,8,5.4,6.3,5.4,7.2,"29"
"audio/12.wav",39,811.039323666999,850.053743041994,9,5.4,6.3,6.3,6.3,"29"
"audio/13.wav",40,879.207397832994,919.221671874999,9,6.3,4.5,4.5,6.3,"29"
"audio/14.wav",43,947.4626125,990.481317874997,9,5.4,5.4,4.5,5.4,"29"
"audio/15.wav",19,1019.04756224999,1038.05896033299,9,5.4,4.5,4.5,7.2,"29"
"audio/16.wav",42,1066.94385937499,1108.959866458,9,7.2,6.3,5.4,7.2,"29"
"audio/17.wav",38,1137.25585516699,1175.270725083,9,6.3,7.2,7.2,7.2,"29"
"audio/18.wav",39,1202.04016924999,1241.05495999999,9,5.4,5.4,4.5,5.4,"29"
"audio/19.wav",44,1270.17578370799,1314.191005792,9,4.5,3.6,2.7,3.6,"29"
"audio/20.wav",46,1341.67060275,1387.694275667,9,6.3,4.5,4.5,6.3,"29"
"audio/21.wav",42,1419.280448708,1461.296004917,9,3.6,3.6,2.7,4.5,"29"
"audio/1.wav",42,23.6554170410018,65.7981079160018,9,7.2,2.7,2.7,5.4,"30"
"audio/2.wav",38,112.110935750003,150.137669458003,9,7.2,4.5,4.5,4.5,"30"
"audio/3.wav",40,190.552804416002,230.572898375001,9,6.3,4.5,3.6,6.3,"30"
"audio/4.wav",33,273.223391166,306.239059416002,9,5.4,7.2,4.5,7.2,"30"
"audio/5.wav",43,343.728258166004,386.751926125005,9,5.4,4.5,4.5,5.4,"30"
"audio/6.wav",34,429.439762458001,463.453202750003,9,8.1,7.2,7.2,7.2,"30"
"audio/7.wav",45,497.839769041006,542.862226500001,9,4.5,2.7,3.6,3.6,"30"
"audio/8.wav",40,577.902783041005,617.917611750003,9,4.5,5.4,5.4,5.4,"30"
"audio/9.wav",38,651.688122291001,689.705820499999,9,5.4,4.5,4.5,4.5,"30"
"audio/10.wav",38,725.744994833003,763.758445083004,9,4.5,3.6,3.6,4.5,"30"
"audio/11.wav",27,799.87956275,826.895668458004,9,3.6,3.6,3.6,3.6,"30"
"audio/12.wav",39,861.847728541004,900.862175166003,9,6.3,2.7,4.5,7.2,"30"
"audio/13.wav",40,938.049198708002,978.064286749999,9,5.4,4.5,3.6,5.4,"30"
"audio/14.wav",43,1013.016261958,1056.034605333,9,6.3,5.4,5.4,4.5,"30"
"audio/15.wav",19,1094.160940583,1113.173403041,9,3.6,2.7,2.7,3.6,"30"
"audio/16.wav",42,1146.360832166,1188.376607958,9,8.1,4.5,3.6,7.2,"30"
"audio/17.wav",38,1223.57700200001,1261.59214120801,9,6.3,5.4,5.4,5.4,"30"
"audio/18.wav",39,1294.224413,1333.239006208,9,5.4,4.5,5.4,5.4,"30"
"audio/19.wav",44,1371.729197458,1415.744265416,9,5.4,5.4,5.4,6.3,"30"
"audio/20.wav",46,1456.673688125,1502.694010083,9,6.3,4.5,4.5,5.4,"30"
"audio/21.wav",42,1540.84942995801,1582.86713479101,9,4.5,3.6,3.6,4.5,"30"
"audio/1.wav",42,15.1534578749997,57.2947306249998,9,5.4,2.7,3.6,3.6,"31"
"audio/2.wav",38,95.2730710000005,133.297070333,9,3.6,2.7,3.6,3.6,"31"
"audio/3.wav",40,164.865009667,204.883919458,9,5.4,2.7,2.7,3.6,"31"
"audio/4.wav",33,235.138454625,268.150183042,9,2.7,4.5,3.6,2.7,"31"
"audio/5.wav",43,301.19496425,344.216249583,9,5.4,2.7,2.7,3.6,"31"
"audio/6.wav",34,375.194589375,409.206637542,9,7.2,6.3,6.3,6.3,"31"
"audio/7.wav",45,446.450116292,491.469530458,9,4.5,2.7,2.7,4.5,"31"
"audio/8.wav",40,524.315787125,564.331167583,9,3.6,3.6,3.6,3.6,"31"
"audio/9.wav",38,592.93067675,630.947822083,9,2.7,1.8,3.6,3.6,"31"
"audio/10.wav",38,661.810541542,699.82445625,9,6.3,2.7,3.6,2.7,"31"
"audio/11.wav",27,727.163492458,754.177943458,9,2.7,1.8,2.7,2.7,"31"
"audio/12.wav",39,780.21910525,819.233894958,9,2.7,1.8,1.8,2.7,"31"
"audio/13.wav",40,844.41816825,884.432746625,9,1.8,1.8,1.8,2.7,"31"
"audio/14.wav",43,910.307250208,953.326568667,9,4.5,6.3,6.3,5.4,"31"
"audio/15.wav",19,986.114384,1005.126940125,9,3.6,2.7,2.7,4.5,"31"
"audio/16.wav",42,1031.907668417,1073.922557042,9,4.5,2.7,2.7,3.6,"31"
"audio/17.wav",38,1101.267071958,1139.282561125,9,3.6,3.6,3.6,3.6,"31"
"audio/18.wav",39,1165.218221417,1204.231416875,9,6.3,4.5,5.4,6.3,"31"
"audio/19.wav",44,1235.899303292,1279.915043167,9,3.6,2.7,1.8,3.6,"31"
"audio/20.wav",46,1304.8193125,1350.840293417,9,5.4,3.6,2.7,4.5,"31"
"audio/21.wav",42,1376.885233708,1418.901642708,9,7.2,8.1,9,9,"31"
"audio/1.wav",42,17.2408089159999,59.3945189160004,9,3.6,0.9,0.9,2.7,"32"
"audio/2.wav",38,119.176935291,157.201543791,9,3.6,1.8,1.8,4.5,"32"
"audio/3.wav",40,217.145799541,257.164760041,9,3.6,0.9,0.9,0.9,"32"
"audio/4.wav",33,298.51348225,331.529644333001,9,6.3,8.1,8.1,8.1,"32"
"audio/5.wav",43,378.569276666,421.587867625,9,5.4,4.5,3.6,4.5,"32"
"audio/6.wav",34,480.985361290999,514.999326290999,9,6.3,8.1,5.4,9,"32"
"audio/7.wav",45,562.178301125001,607.197816915999,9,4.5,3.6,3.6,3.6,"32"
"audio/8.wav",40,653.313188624999,693.328068833,8,4.5,5.4,5.4,5.4,"32"
"audio/9.wav",38,747.009467333,785.025563916,9,5.4,4.5,3.6,9,"32"
"audio/10.wav",38,841.74431625,879.758489583,9,3.6,0.9,0.9,2.7,"32"
"audio/11.wav",27,922.744873583,949.759904541001,9,2.7,0.9,1.8,1.8,"32"
"audio/12.wav",39,991.056594583,1030.070991208,9,3.6,2.7,1.8,3.6,"32"
"audio/13.wav",40,1072.617024708,1112.631847208,9,2.7,2.7,1.8,2.7,"32"
"audio/14.wav",43,1150.769334416,1193.789830791,9,3.6,2.7,1.8,4.5,"32"
"audio/15.wav",19,1242.401706833,1261.412737791,9,4.5,3.6,2.7,7.2,"32"
"audio/16.wav",42,1311.377394125,1353.393040333,9,7.2,3.6,3.6,5.4,"32"
"audio/17.wav",38,1403.402396375,1441.417516625,9,4.5,4.5,3.6,4.5,"32"
"audio/18.wav",39,1486.3455475,1525.360270375,9,7.2,5.4,4.5,5.4,"32"
"audio/19.wav",44,1562.07283825,1606.087677708,9,5.4,2.7,1.8,1.8,"32"
"audio/20.wav",46,1646.362591958,1692.384967291,9,3.6,4.5,3.6,3.6,"32"
"audio/21.wav",42,1727.057488041,1769.072096958,9,5.4,3.6,4.5,2.7,"32"
"audio/1.wav",42,47.3739888749999,89.6497244159998,9,5.4,4.5,1.8,3.6,"33"
"audio/2.wav",38,148.965397791,186.990547166,9,4.5,5.4,4.5,8.1,"33"
"audio/3.wav",40,229.88662675,269.905469333,9,7.2,6.3,6.3,5.4,"33"
"audio/4.wav",33,308.605487291,341.621043625,9,8.1,9,7.2,5.4,"33"
"audio/5.wav",43,384.804594291,427.824952375,9,8.1,4.5,3.6,5.4,"33"
"audio/6.wav",34,475.82145375,509.835644208,9,9,9,9,8.1,"33"
"audio/7.wav",45,544.403019583,589.424097458,9,4.5,4.5,0.9,2.7,"33"
"audio/8.wav",40,626.917581791,666.931719375,9,9,9,9,9,"33"
"audio/9.wav",38,717.381904,755.39911125,9,1.8,4.5,3.6,3.6,"33"
"audio/10.wav",38,792.101171583,830.115441416,8,3.6,4.5,3.6,3.6,"33"
"audio/11.wav",27,869.669673166,896.684930458,9,5.4,5.4,3.6,6.3,"33"
"audio/12.wav",39,937.732799583,976.747359166,9,4.5,2.7,1.8,5.4,"33"
"audio/13.wav",40,1010.58004625,1050.594931541,9,8.1,3.6,2.7,4.5,"33"
"audio/14.wav",43,1092.307250208,1135.32603575,9,4.5,2.7,1.8,3.6,"33"
"audio/15.wav",19,1169.172289291,1188.185408458,9,1.8,1.8,0.9,4.5,"33"
"audio/16.wav",42,1227.797125,1269.812446666,9,4.5,3.6,1.8,2.7,"33"
"audio/17.wav",38,1308.597858666,1346.612183291,9,4.5,5.4,4.5,3.6,"33"
"audio/18.wav",39,1378.604712916,1417.618325125,9,6.3,2.7,4.5,7.2,"33"
"audio/19.wav",44,1458.100738666,1502.11717025,7,8.1,2.7,1.8,7.2,"33"
"audio/20.wav",46,1538.188331708,1584.208167041,9,8.1,5.4,6.3,9,"33"
"audio/21.wav",42,1622.645668583,1664.6636215,9,4.5,4.5,4.5,4.5,"33"
"audio/1.wav",42,19.8656612499981,62.0473987500009,9,9,0.9,0.9,4.5,"34"
"audio/2.wav",38,110.458318915997,148.484155207996,9,6.3,4.5,4.5,6.3,"34"
"audio/3.wav",40,189.009091499996,229.030120832998,9,3.6,0.9,0.9,0.9,"34"
"audio/4.wav",33,268.922480415997,301.938299082998,9,9,9,7.2,9,"34"
"audio/5.wav",43,335.696983290996,378.717730249999,9,8.1,5.4,4.5,4.5,"34"
"audio/6.wav",34,415.114282333001,449.128830249996,9,6.3,5.4,6.3,7.2,"34"
"audio/7.wav",45,486.731273665995,531.752466540995,9,4.5,0.9,0.9,5.4,"34"
"audio/8.wav",40,571.257069332998,611.272118458,9,8.1,9,9,7.2,"34"
"audio/9.wav",38,647.642813375001,685.659770040998,9,2.7,4.5,4.5,4.5,"34"
"audio/10.wav",38,731.154929832999,769.169927249997,9,5.4,1.8,1.8,5.4,"34"
"audio/11.wav",27,810.275364165995,837.290481415999,9,9,9,9,9,"34"
"audio/12.wav",39,867.395153332996,906.409232375001,9,9,9,6.3,9,"34"
"audio/13.wav",40,936.676359749996,976.691831415999,9,6.3,0.9,0.9,2.7,"34"
"audio/14.wav",43,1020.94873925,1063.968705333,9,9,9,9,9,"34"
"audio/15.wav",19,1095.420076166,1114.430907166,9,8.1,5.4,3.6,5.4,"34"
"audio/16.wav",42,1155.346358083,1197.363670083,9,9,9,9,9,"34"
"audio/17.wav",38,1230.667117041,1268.680556625,9,7.2,7.2,7.2,7.2,"34"
"audio/18.wav",39,1304.644807625,1343.658064,9,9,6.3,6.3,7.2,"34"
"audio/19.wav",44,1383.380206791,1427.395215916,9,9,0.9,0.9,4.5,"34"
"audio/20.wav",46,1477.420028958,1523.441789541,9,9,9,9,8.1,"34"
"audio/21.wav",42,1562.692218958,1604.708614041,9,7.2,4.5,3.6,4.5,"34"
"audio/1.wav",42,16.0059096670011,58.163245417003,8,9,3.6,5.4,4.5,"35"
"audio/2.wav",38,123.152092709002,161.180195624998,9,8.1,6.3,7.2,7.2,"35"
"audio/3.wav",40,193.561961708998,233.582674874997,9,5.4,2.7,2.7,2.7,"35"
"audio/4.wav",33,265.194068625002,298.210004583991,9,7.2,5.4,5.4,6.3,"35"
"audio/5.wav",43,331.25735637499,374.282004708992,9,4.5,2.7,2.7,3.6,"35"
"audio/6.wav",34,407.009794375001,441.023632249999,9,7.2,7.2,7.2,7.2,"35"
"audio/7.wav",45,468.72901783399,513.750982666999,9,6.3,5.4,4.5,6.3,"35"
"audio/8.wav",40,547.50884408399,587.52480262499,9,4.5,2.7,6.3,4.5,"35"
"audio/9.wav",38,619.701440374993,657.719735042003,9,2.7,2.7,2.7,2.7,"35"
"audio/10.wav",38,686.514190959002,724.527999500002,9,6.3,3.6,4.5,5.4,"35"
"audio/11.wav",27,758.095041916997,785.110067959002,9,4.5,4.5,4.5,4.5,"35"
"audio/12.wav",39,814.611717249994,853.626527834,9,5.4,2.7,5.4,5.4,"35"
"audio/13.wav",40,884.470788958992,924.487037458996,9,3.6,2.7,3.6,3.6,"35"
"audio/14.wav",43,955.276224374989,998.295298458994,9,4.5,3.6,5.4,4.5,"35"
"audio/15.wav",19,1033.66165983399,1052.674159334,0,9,5.4,5.4,5.4,"35"
"audio/16.wav",42,1084.43914295899,1126.455267375,9,7.2,4.5,5.4,6.3,"35"
"audio/17.wav",38,1173.242568709,1211.257631334,9,5.4,5.4,5.4,5.4,"35"
"audio/18.wav",39,1239.06862466699,1278.08362216699,9,7.2,6.3,6.3,6.3,"35"
"audio/19.wav",44,1316.19420566699,1360.21037975,9,7.2,7.2,7.2,7.2,"35"
"audio/20.wav",46,1386.672284,1432.69609312499,9,5.4,4.5,4.5,5.4,"35"
"audio/21.wav",42,1464.27022199999,1506.285826084,9,6.3,5.4,6.3,5.4,"35"
"audio/1.wav",42,36.3238657080074,78.449877542007,9,7.2,2.7,2.7,5.4,"36"
"audio/2.wav",38,137.848945000005,175.874879333001,9,3.6,3.6,2.7,3.6,"36"
"audio/3.wav",40,222.542459749995,262.563617542008,9,4.5,0.9,2.7,5.4,"36"
"audio/4.wav",33,307.116920291999,340.132528167,9,6.3,8.1,7.2,8.1,"36"
"audio/5.wav",43,381.830336041996,424.851846958001,9,5.4,5.4,5.4,6.3,"36"
"audio/6.wav",34,470.502167250001,504.516987875002,9,4.5,3.6,4.5,4.5,"36"
"audio/7.wav",45,550.969085792007,595.988684833006,9,5.4,1.8,1.8,4.5,"36"
"audio/8.wav",40,631.666397791996,671.681639875009,9,2.7,2.7,2.7,1.8,"36"
"audio/9.wav",38,710.438189749999,748.455783416997,9,2.7,1.8,1.8,1.8,"36"
"audio/10.wav",38,782.223679582996,820.237098875004,9,4.5,3.6,3.6,3.6,"36"
"audio/11.wav",27,854.970928333001,881.984868416999,9,3.6,4.5,2.7,3.6,"36"
"audio/12.wav",39,916.388046417007,955.403718917005,9,3.6,2.7,1.8,2.7,"36"
"audio/13.wav",40,988.927913417006,1028.94255875,9,3.6,1.8,2.7,2.7,"36"
"audio/14.wav",43,1065.915318,1108.935788292,9,5.4,4.5,2.7,4.5,"36"
"audio/15.wav",19,1141.16987566701,1160.180089167,9,3.6,1.8,1.8,1.8,"36"
"audio/16.wav",42,1192.6407995,1234.65653604201,9,4.5,2.7,2.7,4.5,"36"
"audio/17.wav",38,1265.338469875,1303.35446304201,9,1.8,1.8,1.8,1.8,"36"
"audio/18.wav",39,1334.444233042,1373.459826083,9,5.4,5.4,6.3,8.1,"36"
"audio/19.wav",44,1405.45672050001,1449.473273333,9,3.6,1.8,1.8,1.8,"36"
"audio/20.wav",46,1486.158189833,1532.178615292,9,7.2,6.3,5.4,5.4,"36"
"audio/21.wav",42,1566.93655100001,1608.95265829201,9,4.5,1.8,1.8,2.7,"36"
"audio/1.wav",42,24.8952518750011,67.0381159170065,9,6.3,6.3,5.4,4.5,"37"
"audio/2.wav",38,114.571682584006,152.596243624997,9,5.4,4.5,3.6,3.6,"37"
"audio/3.wav",40,191.030786417003,231.053908500005,9,0.9,0.9,0.9,0.9,"37"
"audio/4.wav",33,260.927767625006,293.942501041995,9,4.5,3.6,3.6,3.6,"37"
"audio/5.wav",43,328.471121791998,371.492364374993,9,0.9,2.7,2.7,0.9,"37"
"audio/6.wav",34,405.467168458999,439.480837499999,9,9,9,9,9,"37"
"audio/7.wav",45,469.810705541997,514.831565,9,0.9,0.9,0.9,0.9,"37"
"audio/8.wav",40,542.710321542007,582.725779208995,9,0.9,0.9,4.5,0.9,"37"
"audio/9.wav",38,612.393452499993,650.411088249995,9,0.9,2.7,0.9,0.9,"37"
"audio/10.wav",38,679.381724000006,717.395564209,9,2.7,3.6,2.7,3.6,"37"
"audio/11.wav",27,755.062254624994,782.075779874998,9,8.1,8.1,7.2,7.2,"37"
"audio/12.wav",39,816.328670041999,855.344057625,9,6.3,4.5,0.9,6.3,"37"
"audio/13.wav",40,900.274388292004,940.291920874995,9,3.6,0.9,0.9,0.9,"37"
"audio/14.wav",43,973.342934875007,1016.362817834,9,9,4.5,2.7,9,"37"
"audio/15.wav",19,1052.536038167,1071.546367959,9,6.3,0.9,0.9,0.9,"37"
"audio/16.wav",42,1103.934753084,1145.95052862501,9,9,4.5,2.7,4.5,"37"
"audio/17.wav",38,1184.1972295,1222.213024792,9,4.5,4.5,6.3,5.4,"37"
"audio/18.wav",39,1268.656610875,1307.671455875,9,9,6.3,7.2,6.3,"37"
"audio/19.wav",44,1346.471462709,1390.48669254201,9,2.7,1.8,0.9,3.6,"37"
"audio/20.wav",46,1422.44768,1468.469093917,9,4.5,3.6,1.8,0.9,"37"
"audio/21.wav",42,1500.360806625,1542.376271959,9,6.3,5.4,5.4,6.3,"37"
"audio/1.wav",42,41.2202688749967,83.355593500004,8,6.3,0.9,0.9,2.7,"38"
"audio/2.wav",38,136.628474541998,174.652899291992,8,4.5,1.8,0.9,4.5,"38"
"audio/3.wav",40,221.788247959004,261.808729375,9,2.7,0.9,0.9,1.8,"38"
"audio/4.wav",33,302.602962959005,335.618235542002,9,6.3,7.2,5.4,8.1,"38"
"audio/5.wav",43,377.231615166995,420.254017416999,9,4.5,0.9,0.9,1.8,"38"
"audio/6.wav",34,455.658336916997,489.672051874993,9,5.4,8.1,7.2,6.3,"38"
"audio/7.wav",45,538.441710999992,583.464215500004,9,5.4,3.6,1.8,5.4,"38"
"audio/8.wav",40,624.951919750005,664.966474749992,9,4.5,6.3,4.5,4.5,"38"
"audio/9.wav",38,705.742427334,743.759676208996,9,2.7,5.4,3.6,0.9,"38"
"audio/10.wav",38,789.004780749994,827.019204875003,9,4.5,1.8,0.9,2.7,"38"
"audio/11.wav",27,861.682313792,888.697830417004,9,1.8,0.9,0.9,1.8,"38"
"audio/12.wav",39,920.198509708993,959.213908459002,9,3.6,2.7,0.9,1.8,"38"
"audio/13.wav",40,995.172978917006,1035.187849375,9,1.8,0.9,0.9,1.8,"38"
"audio/14.wav",43,1064.34926025,1107.367885042,9,3.6,0.9,0.9,2.7,"38"
"audio/15.wav",19,1139.088874459,1158.102057834,9,1.8,0.9,0.9,2.7,"38"
"audio/16.wav",42,1189.10929974999,1231.124230209,9,6.3,2.7,1.8,5.4,"38"
"audio/17.wav",38,1272.368970084,1310.38314816701,9,4.5,2.7,0.9,3.6,"38"
"audio/18.wav",39,1347.90699695901,1386.92136804199,0,9,4.5,3.6,6.3,"38"
"audio/19.wav",44,1428.01991975,1472.03487879199,9,6.3,3.6,2.7,8.1,"38"
"audio/20.wav",46,1510.88710429199,1556.907155459,9,3.6,0.9,0.9,5.4,"38"
"audio/21.wav",42,1589.02604058399,1631.042942834,8,4.5,5.4,0.9,3.6,"38"
"audio/1.wav",42,16.2287826669926,58.3790847079945,7,8.1,3.6,2.7,5.4,"39"
"audio/2.wav",38,102.430063624997,140.456619958,9,7.2,5.4,2.7,2.7,"39"
"audio/3.wav",40,179.732952624996,219.754445457991,9,7.2,0.9,0.9,6.3,"39"
"audio/4.wav",33,256.564792791993,289.580280458002,9,8.1,8.1,8.1,9,"39"
"audio/5.wav",43,324.309622000001,367.331494875005,9,8.1,0.9,4.5,5.4,"39"
"audio/6.wav",34,402.189450916994,436.203103958003,9,9,8.1,8.1,8.1,"39"
"audio/7.wav",45,465.773515082998,510.795750082994,9,7.2,2.7,3.6,4.5,"39"
"audio/8.wav",40,542.973789750002,582.988036541996,7,7.2,3.6,2.7,5.4,"39"
"audio/9.wav",38,615.405488332995,653.421730999995,9,6.3,5.4,8.1,4.5,"39"
"audio/10.wav",38,684.428806083,722.442661749999,9,9,8.1,4.5,9,"39"
"audio/11.wav",27,750.686170332992,777.702356875001,9,6.3,5.4,6.3,5.4,"39"
"audio/12.wav",39,807.246059083001,846.260839666997,9,5.4,1.8,4.5,5.4,"39"
"audio/13.wav",40,882.941016249999,922.956297458004,9,4.5,3.6,3.6,5.4,"39"
"audio/14.wav",43,955.005252499992,998.024311207992,9,8.1,6.3,5.4,8.1,"39"
"audio/15.wav",19,1029.355563583,1048.367477167,9,3.6,0.9,0.9,2.7,"39"
"audio/16.wav",42,1081.140754958,1123.156638542,9,9,4.5,5.4,3.6,"39"
"audio/17.wav",38,1158.398504542,1196.414256875,9,8.1,5.4,3.6,7.2,"39"
"audio/18.wav",39,1227.07794783299,1266.091897083,9,7.2,4.5,5.4,6.3,"39"
"audio/19.wav",44,1295.910832583,1339.926462125,9,7.2,3.6,2.7,3.6,"39"
"audio/20.wav",46,1373.510035292,1419.541178917,9,7.2,5.4,4.5,6.3,"39"
"audio/21.wav",42,1448.75734137499,1490.77313624999,9,8.1,0.9,0.9,0.9,"39"
"audio/1.wav",42,21.2251137089916,63.3661927089997,8,5.4,4.5,3.6,4.5,"40"
"audio/2.wav",38,136.297174916996,174.32252708399,9,5.4,4.5,4.5,5.4,"40"
"audio/3.wav",40,213.032528666998,253.053278416992,9,4.5,2.7,2.7,2.7,"40"
"audio/4.wav",33,286.56845216699,319.585433125001,9,6.3,6.3,6.3,6.3,"40"
"audio/5.wav",43,353.679230458991,396.700793875003,9,4.5,4.5,3.6,4.5,"40"
"audio/6.wav",34,436.177567374994,470.192157208992,9,4.5,5.4,4.5,4.5,"40"
"audio/7.wav",45,511.583845374989,556.606795917003,9,2.7,0.9,1.8,1.8,"40"
"audio/8.wav",40,589.929664333991,629.944401834,9,2.7,7.2,6.3,5.4,"40"
"audio/9.wav",38,668.272153999991,706.290064250003,9,5.4,6.3,6.3,7.2,"40"
"audio/10.wav",38,739.431837124997,777.445989833999,9,6.3,2.7,2.7,3.6,"40"
"audio/11.wav",27,812.536282999994,839.552044917,9,5.4,5.4,5.4,6.3,"40"
"audio/12.wav",39,877.711868583996,916.725562666994,9,4.5,3.6,2.7,5.4,"40"
"audio/13.wav",40,948.409088667002,988.424508416996,9,3.6,3.6,2.7,4.5,"40"
"audio/14.wav",43,1022.129506917,1065.148085209,9,4.5,3.6,3.6,3.6,"40"
"audio/15.wav",19,1095.753037292,1114.763936042,9,5.4,1.8,1.8,2.7,"40"
"audio/16.wav",42,1149.87234775,1191.889720209,9,6.3,3.6,3.6,5.4,"40"
"audio/17.wav",38,1225.5684525,1263.58381025,9,4.5,4.5,4.5,4.5,"40"
"audio/18.wav",39,1302.15133962499,1341.166894792,9,6.3,5.4,4.5,5.4,"40"
"audio/19.wav",44,1374.608867334,1418.62454333399,9,4.5,3.6,3.6,3.6,"40"
"audio/20.wav",46,1450.79206429199,1496.812418542,9,6.3,3.6,2.7,6.3,"40"
"audio/21.wav",42,1529.47202370899,1571.487440375,9,6.3,5.4,5.4,5.4,"40"
"audio/1.wav",42,23.9125479579961,66.0539415410021,4,6.3,3.6,3.6,4.5,"41"
"audio/2.wav",38,120.703904291004,158.729512833001,8,7.2,2.7,2.7,8.1,"41"
"audio/3.wav",40,197.941987625003,237.964097165997,9,6.3,1.8,0.9,5.4,"41"
"audio/4.wav",33,273.103398958003,306.119864124994,9,7.2,8.1,9,9,"41"
"audio/5.wav",43,337.367481624999,380.388746375,9,9,9,9,9,"41"
"audio/6.wav",34,407.488942249998,441.501793207994,9,7.2,9,9,9,"41"
"audio/7.wav",45,468.886910582994,513.907272832992,9,9,1.8,0.9,5.4,"41"
"audio/8.wav",40,543.966947915993,583.982399749992,9,6.3,5.4,7.2,4.5,"41"
"audio/9.wav",38,615.728167708003,653.746220332992,9,6.3,3.6,5.4,4.5,"41"
"audio/10.wav",38,684.704691124993,722.71884424999,9,9,2.7,0.9,3.6,"41"
"audio/11.wav",27,760.311683166001,787.326568332996,9,4.5,0.9,0.9,4.5,"41"
"audio/12.wav",39,816.504531707993,855.519576874998,9,8.1,2.7,2.7,9,"41"
"audio/13.wav",40,884.543755915991,924.558875749994,9,6.3,0.9,0.9,7.2,"41"
"audio/14.wav",43,955.967532291004,998.986287749998,9,6.3,0.9,0.9,5.4,"41"
"audio/15.wav",19,1034.03200720799,1053.045362708,7,6.3,0.9,0.9,6.3,"41"
"audio/16.wav",42,1085.52952825,1127.54562725,9,9,9,9,9,"41"
"audio/17.wav",38,1153.67141629099,1191.686309333,9,9,9,9,9,"41"
"audio/18.wav",39,1215.319438208,1254.333939833,9,9,7.2,7.2,6.3,"41"
"audio/19.wav",44,1285.62497675,1329.640687458,9,8.1,2.7,2.7,5.4,"41"
"audio/20.wav",46,1364.327604666,1410.349437791,9,7.2,0.9,0.9,6.3,"41"
"audio/21.wav",42,1438.10522487499,1480.12111762499,9,9,0.9,0.9,0.9,"41"
"audio/1.wav",42,19.4257513330085,61.5603793330083,8,4.5,2.7,1.8,1.8,"42"
"audio/2.wav",38,126.850345125,164.878005167004,9,2.7,1.8,1.8,2.7,"42"
"audio/3.wav",40,214.202716291999,254.225038707998,9,3.6,0.9,0.9,1.8,"42"
"audio/4.wav",33,304.010522625002,337.026519874998,9,1.8,7.2,2.7,3.6,"42"
"audio/5.wav",43,393.017671541995,436.039309041997,9,4.5,1.8,1.8,3.6,"42"
"audio/6.wav",34,477.482799417005,511.497359417001,8,2.7,1.8,1.8,1.8,"42"
"audio/7.wav",45,546.681119875007,591.704356125003,9,3.6,1.8,0.9,2.7,"42"
"audio/8.wav",40,636.553838833002,676.568701083001,9,1.8,5.4,4.5,1.8,"42"
"audio/9.wav",38,723.688832208005,761.706978625007,9,1.8,1.8,0.9,3.6,"42"
"audio/10.wav",38,809.369940292003,847.384882291997,9,4.5,1.8,1.8,4.5,"42"
"audio/11.wav",27,880.896606958006,907.911854207996,9,1.8,0.9,0.9,1.8,"42"
"audio/12.wav",39,940.351607707998,979.367580000006,9,2.7,1.8,0.9,4.5,"42"
"audio/13.wav",40,1026.113639042,1066.129020833,9,0.9,0.9,0.9,0.9,"42"
"audio/14.wav",43,1101.53643029201,1144.555482375,9,5.4,4.5,2.7,5.4,"42"
"audio/15.wav",19,1178.27073612501,1197.282718583,9,1.8,0.9,0.9,5.4,"42"
"audio/16.wav",42,1233.08902420801,1275.105389333,9,6.3,3.6,1.8,6.3,"42"
"audio/17.wav",38,1315.104633917,1353.11888175001,9,3.6,4.5,2.7,3.6,"42"
"audio/18.wav",39,1385.455956333,1424.471848792,9,3.6,2.7,1.8,3.6,"42"
"audio/19.wav",44,1468.26432850001,1512.280453667,9,2.7,0.9,0.9,3.6,"42"
"audio/20.wav",46,1549.742896875,1595.76489158301,9,2.7,6.3,2.7,3.6,"42"
"audio/21.wav",42,1633.760635542,1675.776472083,9,1.8,1.8,0.9,1.8,"42"
"audio/1.wav",42,20.5010795830003,62.7628532910003,9,8.1,3.6,5.4,7.2,"43"
"audio/2.wav",38,110.692187332999,148.719129499999,9,7.2,9,7.2,9,"43"
"audio/3.wav",40,188.092969915999,228.113497332999,9,6.3,3.6,3.6,5.4,"43"
"audio/4.wav",33,265.468318125,298.484146375,9,6.3,9,8.1,9,"43"
"audio/5.wav",43,336.118049499999,379.141126708,9,4.5,2.7,3.6,4.5,"43"
"audio/6.wav",34,415.501680333,449.513731666,9,7.2,7.2,7.2,9,"43"
"audio/7.wav",45,485.061905958,530.084188040999,9,2.7,1.8,0.9,1.8,"43"
"audio/8.wav",40,567.189431333,607.203670540999,9,2.7,1.8,4.5,3.6,"43"
"audio/9.wav",38,647.645005625,685.664513791,9,4.5,3.6,2.7,3.6,"43"
"audio/10.wav",38,717.780776791,755.795679790999,9,3.6,1.8,1.8,3.6,"43"
"audio/11.wav",27,792.372931958,819.390035790999,9,5.4,7.2,6.3,8.1,"43"
"audio/12.wav",39,850.901268415999,889.915869790999,9,4.5,4.5,1.8,4.5,"43"
"audio/13.wav",40,924.7654965,964.780183125,9,7.2,1.8,1.8,9,"43"
"audio/14.wav",43,1000.790842541,1043.809872708,9,2.7,1.8,1.8,2.7,"43"
"audio/15.wav",19,1078.420725458,1097.432974791,9,2.7,0.9,0.9,3.6,"43"
"audio/16.wav",42,1130.022228125,1172.036469458,9,8.1,7.2,7.2,8.1,"43"
"audio/17.wav",38,1205.597713208,1243.611988208,9,4.5,5.4,3.6,5.4,"43"
"audio/18.wav",39,1276.125425375,1315.140098583,9,7.2,7.2,5.4,7.2,"43"
"audio/19.wav",44,1348.557282875,1392.572018458,9,5.4,3.6,0.9,5.4,"43"
"audio/20.wav",46,1424.740038208,1470.760523666,9,6.3,5.4,3.6,5.4,"43"
"audio/21.wav",42,1509.253740791,1551.27009125,9,8.1,7.2,7.2,8.1,"43"
"audio/1.wav",42,19.4952321250003,61.6273027910011,9,8.1,2.7,1.8,1.8,"44"
"audio/2.wav",38,108.135280416001,146.158574708001,9,4.5,3.6,0.9,0.9,"44"
"audio/3.wav",40,184.493774,224.512545708001,9,5.4,1.8,0.9,2.7,"44"
"audio/4.wav",33,273.429517500001,306.442850791002,9,7.2,9,3.6,9,"44"
"audio/5.wav",43,347.630730416,390.651487041001,9,7.2,3.6,2.7,6.3,"44"
"audio/6.wav",34,429.087140125001,463.097650333,9,8.1,9,8.1,9,"44"
"audio/7.wav",45,494.991057750001,540.010955916001,9,3.6,1.8,0.9,8.1,"44"
"audio/8.wav",40,575.676971458,615.688659000001,9,2.7,8.1,1.8,3.6,"44"
"audio/9.wav",38,653.150469958,691.164922541,9,0.9,1.8,1.8,1.8,"44"
"audio/10.wav",38,726.613559833,764.625015750002,9,4.5,5.4,2.7,8.1,"44"
"audio/11.wav",27,805.037480041001,832.049924625,9,2.7,4.5,0.9,4.5,"44"
"audio/12.wav",39,869.093394875001,908.105600916,9,2.7,0.9,0.9,8.1,"44"
"audio/13.wav",40,944.182521500001,984.195251916,9,1.8,1.8,0.9,6.3,"44"
"audio/14.wav",43,1019.085540208,1062.102238833,9,5.4,1.8,0.9,5.4,"44"
"audio/15.wav",19,1102.021773541,1121.032891375,9,7.2,7.2,1.8,9,"44"
"audio/16.wav",42,1165.534427916,1207.54742225,9,9,8.1,3.6,9,"44"
"audio/17.wav",38,1242.317464333,1280.330173166,9,6.3,8.1,7.2,7.2,"44"
"audio/18.wav",39,1318.029291416,1357.040529333,9,3.6,4.5,1.8,5.4,"44"
"audio/19.wav",44,1398.028901458,1442.041758708,9,3.6,0.9,0.9,1.8,"44"
"audio/20.wav",46,1477.086167708,1523.105341,9,8.1,1.8,0.9,8.1,"44"
"audio/21.wav",42,1562.565008125,1604.579273416,9,2.7,0.9,0.9,1.8,"44"
"audio/1.wav",42,26.3930942499937,68.646326749993,9,6.3,4.5,4.5,7.2,"45"
"audio/2.wav",38,123.922557082995,161.947790667,9,6.3,4.5,4.5,9,"45"
"audio/3.wav",40,207.258671832998,247.279999499995,9,4.5,2.7,2.7,7.2,"45"
"audio/4.wav",33,285.708510666998,318.724933791993,9,8.1,9,9,9,"45"
"audio/5.wav",43,351.125824249997,394.145199457998,9,3.6,4.5,3.6,3.6,"45"
"audio/6.wav",34,433.647650166997,467.662381167,9,2.7,3.6,9,5.4,"45"
"audio/7.wav",45,513.824383249994,558.844572041999,9,6.3,4.5,2.7,9,"45"
"audio/8.wav",40,601.278040749996,641.292835707995,9,0.9,5.4,2.7,2.7,"45"
"audio/9.wav",38,682.138816999999,720.155280082996,9,5.4,3.6,2.7,4.5,"45"
"audio/10.wav",38,764.401502291999,802.416273166993,9,7.2,4.5,2.7,9,"45"
"audio/11.wav",27,845.261814999998,872.276886416999,9,3.6,0.9,0.9,8.1,"45"
"audio/12.wav",39,909.282880957995,948.298536916998,9,7.2,2.7,2.7,9,"45"
"audio/13.wav",40,980.021043332999,1020.03557399999,9,6.3,0.9,1.8,3.6,"45"
"audio/14.wav",43,1053.11966295799,1096.138241333,9,7.2,2.7,2.7,7.2,"45"
"audio/15.wav",19,1144.57025812499,1163.582030208,9,5.4,0.9,0.9,3.6,"45"
"audio/16.wav",42,1199.374456667,1241.389803542,9,9,8.1,5.4,9,"45"
"audio/17.wav",38,1274.120223583,1312.134936042,9,6.3,5.4,5.4,5.4,"45"
"audio/18.wav",39,1354.328189625,1393.342501958,9,8.1,7.2,7.2,7.2,"45"
"audio/19.wav",44,1442.072018042,1486.087902625,9,7.2,1.8,1.8,2.7,"45"
"audio/20.wav",46,1524.151300125,1570.17161799999,9,7.2,5.4,0.9,7.2,"45"
"audio/21.wav",42,1604.81825966699,1646.833373667,9,2.7,0.9,0.9,0.9,"45"
"audio/1.wav",42,16.0458154590015,58.298884459,9,4.5,1.8,1.8,4.5,"46"
"audio/2.wav",38,107.999772000001,146.025402167001,9,3.6,2.7,2.7,3.6,"46"
"audio/3.wav",40,180.980315875,221.000181834001,9,3.6,1.8,1.8,2.7,"46"
"audio/4.wav",33,257.668216125001,290.683067084001,9,4.5,5.4,4.5,4.5,"46"
"audio/5.wav",43,328.393347417001,371.415990084,9,6.3,3.6,3.6,3.6,"46"
"audio/6.wav",34,406.821375125,440.835077917001,9,4.5,6.3,6.3,5.4,"46"
"audio/7.wav",45,477.125033792001,522.148892167001,9,1.8,0.9,1.8,4.5,"46"
"audio/8.wav",40,557.699252792001,597.713851375001,9,2.7,5.4,3.6,2.7,"46"
"audio/9.wav",38,637.152814625,675.170084375,9,1.8,3.6,2.7,2.7,"46"
"audio/10.wav",38,706.258931167,744.274068167,9,5.4,3.6,2.7,2.7,"46"
"audio/11.wav",27,774.942960667,801.957045500001,9,3.6,3.6,1.8,2.7,"46"
"audio/12.wav",39,832.476607250001,871.491861917,9,4.5,3.6,2.7,2.7,"46"
"audio/13.wav",40,910.142762792,950.158762959001,9,4.5,3.6,3.6,4.5,"46"
"audio/14.wav",43,982.835887709001,1025.854154042,9,6.3,6.3,6.3,4.5,"46"
"audio/15.wav",19,1058.3832405,1077.396233792,9,6.3,7.2,3.6,6.3,"46"
"audio/16.wav",42,1110.28147925,1152.297450084,9,4.5,3.6,2.7,2.7,"46"
"audio/17.wav",38,1185.28190625,1223.297233542,9,3.6,2.7,2.7,2.7,"46"
"audio/18.wav",39,1253.078078209,1292.09249025,9,4.5,4.5,5.4,3.6,"46"
"audio/19.wav",44,1333.97882625,1377.994945709,9,2.7,0.9,0.9,1.8,"46"
"audio/20.wav",46,1407.10768475,1453.128894709,9,4.5,2.7,2.7,1.8,"46"
"audio/21.wav",42,1488.765479792,1530.781075042,9,3.6,1.8,1.8,1.8,"46"
"audio/1.wav",42,25.8808070420018,68.0267354170028,7,3.6,1.8,0.9,1.8,"48"
"audio/2.wav",38,112.278099042003,150.306405125,6,5.4,5.4,5.4,4.5,"48"
"audio/3.wav",40,188.859586042003,228.880449084001,9,5.4,1.8,0.9,4.5,"48"
"audio/4.wav",33,270.847489,303.862716209002,9,7.2,6.3,4.5,7.2,"48"
"audio/5.wav",43,337.8298235,380.852714375,9,4.5,5.4,4.5,3.6,"48"
"audio/6.wav",34,420.496227667001,454.508858542002,9,5.4,7.2,7.2,6.3,"48"
"audio/7.wav",45,491.412737375002,536.436756542,7,3.6,0.9,0.9,4.5,"48"
"audio/8.wav",40,576.411114125003,616.425482459003,6,5.4,4.5,3.6,5.4,"48"
"audio/9.wav",38,657.526951875003,695.544341709003,9,1.8,0.9,1.8,1.8,"48"
"audio/10.wav",38,734.135987000001,772.150480625001,9,4.5,0.9,0.9,5.4,"48"
"audio/11.wav",27,802.685095625002,829.701770584001,9,0.9,0.9,0.9,1.8,"48"
"audio/12.wav",39,866.91300375,905.927896792,9,5.4,2.7,1.8,5.4,"48"
"audio/13.wav",40,939.187828459002,979.202931417003,9,6.3,2.7,1.8,5.4,"48"
"audio/14.wav",43,1012.693514,1055.712028459,9,2.7,1.8,1.8,1.8,"48"
"audio/15.wav",19,1087.582878209,1106.592979625,9,4.5,1.8,0.9,6.3,"48"
"audio/16.wav",42,1144.74889575,1186.764205,9,5.4,2.7,1.8,3.6,"48"
"audio/17.wav",38,1230.066945417,1268.082162542,9,2.7,3.6,2.7,3.6,"48"
"audio/18.wav",39,1307.165712375,1346.179613,9,2.7,0.9,0.9,1.8,"48"
"audio/19.wav",44,1381.666903542,1425.682683084,9,4.5,1.8,1.8,3.6,"48"
"audio/20.wav",46,1456.29656875,1502.317599417,9,5.4,1.8,0.9,6.3,"48"
"audio/21.wav",42,1534.635506084,1576.652051125,9,5.4,1.8,1.8,3.6,"48"
"audio/1.wav",42,26.0077970839993,68.1401190420002,9,2.7,1.8,0.9,2.7,"49"
"audio/2.wav",38,122.649538917001,160.676003624998,9,2.7,3.6,3.6,3.6,"49"
"audio/3.wav",40,208.191963584002,248.212365084,9,3.6,2.7,2.7,3.6,"49"
"audio/4.wav",33,285.622739541999,318.637632792001,9,2.7,4.5,3.6,3.6,"49"
"audio/5.wav",43,359.211334874999,402.233879084,9,2.7,2.7,1.8,2.7,"49"
"audio/6.wav",34,437.782295124998,471.795819542,9,2.7,2.7,3.6,2.7,"49"
"audio/7.wav",45,510.223888417,555.247002000004,9,3.6,2.7,1.8,4.5,"49"
"audio/8.wav",40,596.7520295,636.767343416999,8,3.6,4.5,2.7,4.5,"49"
"audio/9.wav",38,682.581419417002,720.599177959004,9,3.6,3.6,1.8,2.7,"49"
"audio/10.wav",38,755.066572000003,793.080907750002,9,4.5,1.8,1.8,3.6,"49"
"audio/11.wav",27,830.276773875004,857.291777541999,9,1.8,0.9,0.9,1.8,"49"
"audio/12.wav",39,896.083694125002,935.098352624998,9,4.5,3.6,2.7,4.5,"49"
"audio/13.wav",40,968.668093417,1008.683633209,9,2.7,1.8,0.9,2.7,"49"
"audio/14.wav",43,1039.68359475,1082.701740167,9,2.7,4.5,3.6,4.5,"49"
"audio/15.wav",19,1133.303643709,1152.315615709,8,2.7,0.9,1.8,2.7,"49"
"audio/16.wav",42,1187.873484667,1229.889116625,9,5.4,4.5,3.6,4.5,"49"
"audio/17.wav",38,1265.736563125,1303.749493917,9,2.7,2.7,3.6,3.6,"49"
"audio/18.wav",39,1337.292707917,1376.307723375,9,2.7,2.7,2.7,2.7,"49"
"audio/19.wav",44,1410.619392917,1454.635479084,7,3.6,2.7,2.7,2.7,"49"
"audio/20.wav",46,1486.770847334,1532.792773709,9,1.8,0.9,0.9,2.7,"49"
"audio/21.wav",42,1563.123552292,1605.139789709,9,2.7,3.6,0.9,1.8,"49"
"audio/1.wav",42,11.2273135409996,53.3680236250002,9,6.3,7.2,5.4,4.5,"51"
"audio/2.wav",38,93.4204605830018,131.442898125002,9,6.3,5.4,4.5,4.5,"51"
"audio/3.wav",40,163.364545458004,203.38649325,9,3.6,1.8,1.8,1.8,"51"
"audio/4.wav",33,233.970211458,266.985763249999,9,6.3,6.3,7.2,5.4,"51"
"audio/5.wav",43,297.089613791002,340.108207375,9,4.5,8.1,5.4,3.6,"51"
"audio/6.wav",34,373.211445875,407.225789125005,9,8.1,8.1,8.1,8.1,"51"
"audio/7.wav",45,433.716610208001,478.739616915998,9,4.5,4.5,4.5,4.5,"51"
"audio/8.wav",40,510.450341541,550.465875665999,9,4.5,5.4,6.3,4.5,"51"
"audio/9.wav",38,580.490240541003,618.507414708001,9,3.6,4.5,4.5,7.2,"51"
"audio/10.wav",38,648.609612250002,686.622594833003,9,6.3,6.3,5.4,5.4,"51"
"audio/11.wav",27,713.449560541005,740.465538666002,9,6.3,6.3,6.3,6.3,"51"
"audio/12.wav",39,766.344899083,805.359012916,9,7.2,4.5,3.6,7.2,"51"
"audio/13.wav",40,836.883861916001,876.898539291004,9,4.5,3.6,3.6,7.2,"51"
"audio/14.wav",43,906.656261166005,949.675639041001,9,6.3,6.3,6.3,7.2,"51"
"audio/15.wav",19,976.922339041004,995.933022000005,9,6.3,3.6,2.7,6.3,"51"
"audio/16.wav",42,1024.310827375,1066.32625125,9,8.1,6.3,5.4,8.1,"51"
"audio/17.wav",38,1094.622962458,1132.637214791,9,3.6,3.6,3.6,3.6,"51"
"audio/18.wav",39,1160.78471266601,1199.7982635,9,3.6,4.5,4.5,4.5,"51"
"audio/19.wav",44,1230.217431791,1274.233129625,9,2.7,2.7,1.8,3.6,"51"
"audio/20.wav",46,1303.305931458,1349.325755125,9,7.2,3.6,1.8,7.2,"51"
"audio/21.wav",42,1378.025751041,1420.0418,9,7.2,3.6,3.6,6.3,"51"
"audio/1.wav",42,23.2464710419999,65.4076058750002,9,9,2.7,2.7,4.5,"52"
"audio/2.wav",38,110.826783833,148.849809708,9,1.8,0.9,0.9,0.9,"52"
"audio/3.wav",40,180.76951775,220.791263875,9,6.3,5.4,5.4,7.2,"52"
"audio/4.wav",33,249.835196917,282.853637125,9,7.2,7.2,7.2,7.2,"52"
"audio/5.wav",43,308.702536333,351.72257225,9,7.2,5.4,6.3,6.3,"52"
"audio/6.wav",34,382.738185875,416.751184167,9,8.1,8.1,8.1,8.1,"52"
"audio/7.wav",45,442.696990792,487.720213208,9,6.3,4.5,2.7,5.4,"52"
"audio/8.wav",40,515.29203075,555.3071135,9,6.3,3.6,1.8,2.7,"52"
"audio/9.wav",38,584.061624,622.078679667,9,3.6,3.6,3.6,4.5,"52"
"audio/10.wav",38,652.838771792,690.853846542,9,4.5,1.8,0.9,3.6,"52"
"audio/11.wav",27,718.105248792,745.120341292,9,3.6,2.7,1.8,3.6,"52"
"audio/12.wav",39,774.846136583,813.860709208,9,2.7,0.9,0.9,2.7,"52"
"audio/13.wav",40,840.269084083,880.284266458,9,6.3,6.3,6.3,6.3,"52"
"audio/14.wav",43,907.54449825,950.563042083,9,8.1,6.3,7.2,7.2,"52"
"audio/15.wav",19,978.104760667,997.11803525,9,6.3,5.4,2.7,3.6,"52"
"audio/16.wav",42,1024.275614708,1066.290916208,9,9,5.4,2.7,8.1,"52"
"audio/17.wav",38,1098.6954675,1136.709217958,9,8.1,8.1,8.1,8.1,"52"
"audio/18.wav",39,1163.983048542,1202.997364375,9,7.2,4.5,2.7,3.6,"52"
"audio/19.wav",44,1231.212647625,1275.228006042,9,8.1,5.4,3.6,8.1,"52"
"audio/20.wav",46,1304.122818875,1350.144513042,9,6.3,1.8,1.8,5.4,"52"
"audio/21.wav",42,1379.17430925,1421.190217833,9,7.2,2.7,0.9,3.6,"52"
"audio/1.wav",42,13.9373107499996,56.0920281250001,8,7.2,7.2,3.6,8.1,"53"
"audio/2.wav",38,110.439246042002,148.466204583001,9,7.2,9,7.2,8.1,"53"
"audio/3.wav",40,180.589216749999,220.609686167001,9,7.2,4.5,1.8,7.2,"53"
"audio/4.wav",33,254.731462250002,287.747594583001,9,8.1,9,9,9,"53"
"audio/5.wav",43,315.857457667,358.877177875002,9,8.1,8.1,8.1,7.2,"53"
"audio/6.wav",34,389.281946292002,423.296294125001,9,9,9,9,9,"53"
"audio/7.wav",45,453.084651542002,498.108167458002,9,5.4,5.4,7.2,9,"53"
"audio/8.wav",40,526.422074041999,566.436876167001,9,3.6,6.3,9,4.5,"53"
"audio/9.wav",38,598.489429042002,636.50681875,9,2.7,3.6,6.3,6.3,"53"
"audio/10.wav",38,668.958591125,706.972946833001,9,8.1,7.2,6.3,8.1,"53"
"audio/11.wav",27,736.255440000001,763.269419917,9,6.3,7.2,4.5,9,"53"
"audio/12.wav",39,795.145890832999,834.160316375,9,8.1,1.8,3.6,9,"53"
"audio/13.wav",40,865.004941833002,905.020875833001,7,7.2,1.8,2.7,5.4,"53"
"audio/14.wav",43,935.827802333002,978.846505792,9,7.2,9,8.1,8.1,"53"
"audio/15.wav",19,1006.033788,1025.044223375,9,4.5,5.4,5.4,3.6,"53"
"audio/16.wav",42,1054.590439125,1096.605308542,9,9,7.2,7.2,9,"53"
"audio/17.wav",38,1124.500005792,1162.514178708,9,7.2,9,9,8.1,"53"
"audio/18.wav",39,1188.251873208,1227.265807833,9,7.2,6.3,6.3,5.4,"53"
"audio/19.wav",44,1256.469993167,1300.48578925,9,3.6,3.6,3.6,2.7,"53"
"audio/20.wav",46,1326.66615975,1372.688258208,9,8.1,9,7.2,9,"53"
"audio/21.wav",42,1400.26960775,1442.285154292,9,8.1,7.2,1.8,4.5,"53"
"audio/1.wav",42,11.5592095000029,53.6914470420015,9,7.2,1.8,0.9,8.1,"54"
"audio/2.wav",38,93.9463450420008,131.972995333002,9,4.5,2.7,2.7,5.4,"54"
"audio/3.wav",40,164.935224749999,204.953993000003,9,5.4,0.9,0.9,2.7,"54"
"audio/4.wav",33,241.336433292003,274.352152166997,9,7.2,9,9,9,"54"
"audio/5.wav",43,304.652772832997,347.675851708002,9,7.2,0.9,2.7,2.7,"54"
"audio/6.wav",34,389.800292082997,423.813598499997,9,3.6,9,6.3,6.3,"54"
"audio/7.wav",45,454.018916125002,499.040878749998,9,5.4,3.6,2.7,4.5,"54"
"audio/8.wav",40,527.773692041999,567.789100167,9,3.6,5.4,5.4,6.3,"54"
"audio/9.wav",38,597.585932832997,635.603365916999,9,3.6,6.3,6.3,3.6,"54"
"audio/10.wav",38,663.882569292,701.897553000003,9,3.6,1.8,0.9,2.7,"54"
"audio/11.wav",27,728.939095082998,755.955081125001,9,7.2,6.3,9,7.2,"54"
"audio/12.wav",39,785.930612958,824.945615833,9,6.3,2.7,3.6,3.6,"54"
"audio/13.wav",40,852.336865249999,892.352506417003,9,5.4,1.8,1.8,7.2,"54"
"audio/14.wav",43,929.87685375,972.895851041998,9,5.4,4.5,5.4,4.5,"54"
"audio/15.wav",19,1000.780738208,1019.789636875,9,3.6,2.7,2.7,2.7,"54"
"audio/16.wav",42,1044.482846417,1086.498655583,9,9,5.4,5.4,8.1,"54"
"audio/17.wav",38,1115.254705917,1153.270094625,9,4.5,4.5,3.6,7.2,"54"
"audio/18.wav",39,1180.947338375,1219.961237292,9,8.1,6.3,7.2,5.4,"54"
"audio/19.wav",44,1249.519717625,1293.533936083,9,3.6,2.7,1.8,1.8,"54"
"audio/20.wav",46,1320.7341615,1366.756485542,9,7.2,2.7,1.8,5.4,"54"
"audio/21.wav",42,1395.209467042,1437.224742,9,9,7.2,6.3,7.2,"54"
"audio/1.wav",42,16.532934875002,58.685112332998,9,3.6,7.2,2.7,3.6,"55"
"audio/2.wav",38,118.972094083001,157.000187124999,9,1.8,3.6,1.8,7.2,"55"
"audio/3.wav",40,194.432408749999,234.454323167003,9,7.2,6.3,1.8,3.6,"55"
"audio/4.wav",33,270.289537999997,303.306156958002,9,8.1,7.2,7.2,9,"55"
"audio/5.wav",43,337.804471666997,380.826190917003,9,7.2,8.1,8.1,2.7,"55"
"audio/6.wav",34,416.062369667001,450.076582250003,9,8.1,9,7.2,8.1,"55"
"audio/7.wav",45,479.373161916999,524.395935667002,9,3.6,1.8,0.9,4.5,"55"
"audio/8.wav",40,559.701700792,599.717748458002,9,3.6,9,2.7,6.3,"55"
"audio/9.wav",38,634.564745582997,672.582469499997,9,5.4,5.4,4.5,6.3,"55"
"audio/10.wav",38,707.764533250003,745.779430542003,9,9,6.3,4.5,9,"55"
"audio/11.wav",27,778.702321582998,805.719547082997,9,6.3,6.3,5.4,7.2,"55"
"audio/12.wav",39,836.071399499997,875.086682916997,9,6.3,3.6,2.7,8.1,"55"
"audio/13.wav",40,903.021803000003,943.037542291997,9,5.4,4.5,2.7,4.5,"55"
"audio/14.wav",43,972.498576999998,1015.518351958,9,6.3,9,7.2,5.4,"55"
"audio/15.wav",19,1045.795961875,1064.8074055,9,9,5.4,3.6,9,"55"
"audio/16.wav",42,1092.8585,1134.873329042,9,9,4.5,3.6,3.6,"55"
"audio/17.wav",38,1161.399185375,1199.414201958,9,6.3,7.2,7.2,0.9,"55"
"audio/18.wav",39,1227.833554792,1266.847241375,9,8.1,8.1,7.2,5.4,"55"
"audio/19.wav",44,1294.772241583,1338.787963333,9,6.3,2.7,2.7,0.9,"55"
"audio/20.wav",46,1375.06094,1421.0813085,9,7.2,5.4,4.5,8.1,"55"
"audio/21.wav",42,1455.874663792,1497.891297458,9,6.3,9,4.5,7.2,"55"
"audio/1.wav",42,25.0145876669994,67.1493112919998,9,8.1,4.5,4.5,5.4,"56"
"audio/2.wav",38,115.040670459006,153.064397667004,9,2.7,2.7,1.8,2.7,"56"
"audio/3.wav",40,197.563846417004,237.584583042,9,9,5.4,5.4,9,"56"
"audio/4.wav",33,274.170564874999,307.186835167005,9,7.2,8.1,7.2,7.2,"56"
"audio/5.wav",43,342.814952584005,385.835947834006,9,7.2,3.6,5.4,7.2,"56"
"audio/6.wav",34,423.669152625,457.683744334005,9,6.3,8.1,7.2,5.4,"56"
"audio/7.wav",45,488.742606042004,533.761511125005,9,0.9,0.9,0.9,2.7,"56"
"audio/8.wav",40,568.701242375006,608.717510209004,9,3.6,4.5,4.5,1.8,"56"
"audio/9.wav",38,644.958528042,682.974281667004,9,4.5,3.6,3.6,5.4,"56"
"audio/10.wav",38,716.628562917002,754.642685750005,9,9,5.4,3.6,9,"56"
"audio/11.wav",27,788.449382917002,815.463419459003,9,2.7,2.7,1.8,1.8,"56"
"audio/12.wav",39,844.532058875004,883.546096167003,9,8.1,0.9,2.7,8.1,"56"
"audio/13.wav",40,917.021221167,957.036654916999,9,7.2,5.4,0.9,9,"56"
"audio/14.wav",43,992.872600750001,1035.892829875,9,7.2,6.3,7.2,8.1,"56"
"audio/15.wav",19,1067.86684337501,1086.87748091701,9,6.3,9,4.5,9,"56"
"audio/16.wav",42,1121.92242995901,1163.937855834,9,9,1.8,2.7,9,"56"
"audio/17.wav",38,1198.931562667,1236.946698334,9,4.5,1.8,1.8,3.6,"56"
"audio/18.wav",39,1268.734100959,1307.748600459,9,9,9,7.2,9,"56"
"audio/19.wav",44,1338.862769584,1382.878850292,9,5.4,8.1,2.7,6.3,"56"
"audio/20.wav",46,1415.45565412501,1461.47844562501,9,4.5,0.9,0.9,1.8,"56"
"audio/21.wav",42,1495.479480084,1537.49415758401,9,5.4,3.6,4.5,2.7,"56"
"audio/1.wav",42,20.4498181660019,62.5856120829994,9,7.2,3.6,3.6,4.5,"57"
"audio/2.wav",38,111.524159166001,149.547793083002,9,6.3,6.3,6.3,8.1,"57"
"audio/3.wav",40,184.693325332999,224.712819415996,9,4.5,1.8,0.9,2.7,"57"
"audio/4.wav",33,260.680644250002,293.696876000002,9,8.1,8.1,8.1,8.1,"57"
"audio/5.wav",43,324.940544083001,367.959540999996,9,7.2,7.2,6.3,6.3,"57"
"audio/6.wav",34,403.192524666003,437.205481165998,9,8.1,8.1,9,9,"57"
"audio/7.wav",45,467.338668124998,512.357573415997,9,4.5,3.6,3.6,2.7,"57"
"audio/8.wav",40,544.049779790999,584.064687582999,9,6.3,6.3,6.3,7.2,"57"
"audio/9.wav",38,620.776231832999,658.793153125,9,3.6,4.5,4.5,5.4,"57"
"audio/10.wav",38,700.047119957999,738.0609855,9,4.5,2.7,2.7,3.6,"57"
"audio/11.wav",27,769.995605916003,797.011572333002,9,5.4,6.3,6.3,6.3,"57"
"audio/12.wav",39,830.6412815,869.655780458001,9,5.4,2.7,2.7,3.6,"57"
"audio/13.wav",40,903.305082416002,943.320703500001,9,4.5,2.7,1.8,3.6,"57"
"audio/14.wav",43,975.549605790999,1018.571138375,9,6.3,4.5,4.5,6.3,"57"
"audio/15.wav",19,1056.235412,1075.247853625,9,7.2,1.8,1.8,6.3,"57"
"audio/16.wav",42,1110.083587291,1152.099609166,9,8.1,4.5,3.6,8.1,"57"
"audio/17.wav",38,1184.474123458,1222.489688583,9,6.3,4.5,4.5,5.4,"57"
"audio/18.wav",39,1258.1863875,1297.200615333,9,8.1,5.4,5.4,7.2,"57"
"audio/19.wav",44,1336.773984583,1380.790203125,9,3.6,3.6,2.7,4.5,"57"
"audio/20.wav",46,1429.734321875,1475.755946833,9,7.2,2.7,2.7,5.4,"57"
"audio/21.wav",42,1510.465801125,1552.482457875,9,6.3,3.6,3.6,3.6,"57"
"audio/1.wav",42,18.4684071669908,60.6221084169956,9,7.2,3.6,2.7,1.8,"58"
"audio/2.wav",38,105.028166000004,143.052723000001,9,7.2,2.7,4.5,6.3,"58"
"audio/3.wav",40,177.676219166999,217.696385292002,9,4.5,1.8,0.9,3.6,"58"
"audio/4.wav",33,249.118606999997,282.134944374993,9,7.2,7.2,7.2,7.2,"58"
"audio/5.wav",43,316.78579712499,359.803599666993,9,7.2,6.3,6.3,6.3,"58"
"audio/6.wav",34,393.557827708995,427.571412208999,9,7.2,7.2,7.2,7.2,"58"
"audio/7.wav",45,457.452994791995,502.473240666994,9,4.5,3.6,3.6,3.6,"58"
"audio/8.wav",40,531.037617041991,571.052692208992,8,4.5,4.5,4.5,4.5,"58"
"audio/9.wav",38,597.735728291998,635.753069333994,9,4.5,4.5,3.6,3.6,"58"
"audio/10.wav",38,665.141751083996,703.156004999997,8,7.2,3.6,3.6,3.6,"58"
"audio/11.wav",27,731.421663458998,758.436865208991,9,5.4,4.5,3.6,2.7,"58"
"audio/12.wav",39,787.838338499991,826.853169583992,9,4.5,3.6,3.6,3.6,"58"
"audio/13.wav",40,853.052540624994,893.068135875001,9,5.4,3.6,2.7,2.7,"58"
"audio/14.wav",43,934.761102374992,977.779591125,9,6.3,6.3,6.3,6.3,"58"
"audio/15.wav",19,1008.170356292,1027.182140334,9,7.2,2.7,2.7,2.7,"58"
"audio/16.wav",42,1055.48048529199,1097.496589584,9,8.1,7.2,7.2,7.2,"58"
"audio/17.wav",38,1128.73112712499,1166.7460225,9,7.2,5.4,4.5,4.5,"58"
"audio/18.wav",39,1195.915540292,1234.92999429199,9,7.2,6.3,5.4,5.4,"58"
"audio/19.wav",44,1266.894174125,1310.909860834,9,6.3,4.5,3.6,3.6,"58"
"audio/20.wav",46,1339.718766167,1385.741073959,9,7.2,5.4,4.5,3.6,"58"
"audio/21.wav",42,1410.799168667,1452.815464375,9,8.1,5.4,3.6,3.6,"58"
"audio/1.wav",42,29.8088785829896,71.9676705409947,9,6.3,1.8,0.9,4.5,"59"
"audio/2.wav",38,130.367506333001,168.390024041,9,7.2,5.4,5.4,8.1,"59"
"audio/3.wav",40,221.460958999989,261.484107124998,9,6.3,6.3,5.4,6.3,"59"
"audio/4.wav",33,317.87358208299,350.889466624998,9,3.6,8.1,3.6,8.1,"59"
"audio/5.wav",43,398.032534499987,441.053665125,9,4.5,2.7,1.8,4.5,"59"
"audio/6.wav",34,484.819381082998,518.833734499989,9,3.6,4.5,3.6,7.2,"59"
"audio/7.wav",45,564.911206999997,609.931435040999,9,4.5,1.8,0.9,7.2,"59"
"audio/8.wav",40,656.760180665995,696.774872540991,9,3.6,7.2,6.3,7.2,"59"
"audio/9.wav",38,738.819734332996,776.836882249991,9,3.6,3.6,1.8,6.3,"59"
"audio/10.wav",38,818.969242957988,856.983867457995,9,6.3,7.2,6.3,7.2,"59"
"audio/11.wav",27,910.92474316599,937.93934287499,9,2.7,3.6,1.8,4.5,"59"
"audio/12.wav",39,980.630762957997,1019.64589612499,9,1.8,0.9,0.9,1.8,"59"
"audio/13.wav",40,1063.59538366599,1103.610602666,9,3.6,1.8,1.8,7.2,"59"
"audio/14.wav",43,1145.176616791,1188.19655445799,9,3.6,1.8,1.8,3.6,"59"
"audio/15.wav",19,1235.863741375,1254.87488866599,9,7.2,0.9,0.9,1.8,"59"
"audio/16.wav",42,1296.801196416,1338.81744512499,9,7.2,0.9,0.9,1.8,"59"
"audio/17.wav",38,1378.7912255,1416.80665612499,9,6.3,8.1,8.1,4.5,"59"
"audio/18.wav",39,1466.60589724999,1505.621375541,9,6.3,1.8,1.8,2.7,"59"
"audio/19.wav",44,1540.339678416,1584.35531929099,9,7.2,0.9,0.9,2.7,"59"
"audio/20.wav",46,1621.78706074999,1667.80757924999,9,6.3,0.9,0.9,5.4,"59"
"audio/21.wav",42,1704.801766958,1746.81815304099,9,7.2,0.9,0.9,2.7,"59"
"audio/1.wav",42,23.2317993330071,65.4935310410074,6,8.1,4.5,4.5,5.4,"60"
"audio/2.wav",38,125.649856916003,163.676001333006,9,7.2,6.3,6.3,6.3,"60"
"audio/3.wav",40,209.227535415994,249.249194707998,9,8.1,4.5,4.5,7.2,"60"
"audio/4.wav",33,292.629406374996,325.646762207994,9,9,9,8.1,9,"60"
"audio/5.wav",43,361.267488166006,404.287229541005,9,7.2,6.3,6.3,7.2,"60"
"audio/6.wav",34,444.935194165999,478.948134958002,9,9,9,8.1,8.1,"60"
"audio/7.wav",45,510.544928707997,555.567449624999,9,7.2,5.4,3.6,6.3,"60"
"audio/8.wav",40,592.321433916004,632.337865041001,9,3.6,8.1,6.3,4.5,"60"
"audio/9.wav",38,674.679021707998,712.696778750003,9,3.6,7.2,6.3,3.6,"60"
"audio/10.wav",38,746.763255833008,784.777718708006,9,9,7.2,7.2,7.2,"60"
"audio/11.wav",27,815.479954750001,842.495664916001,9,8.1,7.2,6.3,7.2,"60"
"audio/12.wav",39,872.684163415994,911.699131333007,9,7.2,3.6,2.7,4.5,"60"
"audio/13.wav",40,952.752759166004,992.768370374994,9,8.1,4.5,4.5,6.3,"60"
"audio/14.wav",43,1029.13876775,1072.156820916,9,9,7.2,7.2,8.1,"60"
"audio/15.wav",19,1102.88349362501,1121.894349291,9,3.6,2.7,1.8,2.7,"60"
"audio/16.wav",42,1155.85717625001,1197.873185958,9,9,7.2,6.3,7.2,"60"
"audio/17.wav",38,1231.847054625,1269.861478666,9,8.1,7.2,6.3,6.3,"60"
"audio/18.wav",39,1302.62070662501,1341.634919875,9,9,8.1,8.1,9,"60"
"audio/19.wav",44,1368.673752916,1412.689673416,9,8.1,2.7,1.8,3.6,"60"
"audio/20.wav",46,1444.115090541,1490.1374005,9,6.3,4.5,3.6,3.6,"60"
"audio/21.wav",42,1524.041857291,1566.057093708,9,6.3,2.7,1.8,1.8,"60"
"audio/1.wav",42,25.3635917089996,67.4897979169909,8,7.2,3.6,3.6,3.6,"61"
"audio/2.wav",38,121.526994500004,159.549285166999,9,7.2,5.4,4.5,7.2,"61"
"audio/3.wav",40,209.057212500004,249.076719584002,9,9,4.5,2.7,7.2,"61"
"audio/4.wav",33,294.873297208993,327.889917624998,9,6.3,8.1,6.3,6.3,"61"
"audio/5.wav",43,369.051731083993,412.069117833991,9,9,8.1,8.1,9,"61"
"audio/6.wav",34,447.390915833996,481.402743208993,8,8.1,9,8.1,7.2,"61"
"audio/7.wav",45,515.915367124995,560.936721584003,8,7.2,3.6,2.7,9,"61"
"audio/8.wav",40,601.745178917001,641.759345333994,9,8.1,1.8,5.4,9,"61"
"audio/9.wav",38,684.916565042004,722.931524874992,9,7.2,0.9,6.3,5.4,"61"
"audio/10.wav",38,766.296759334,804.310199333995,9,8.1,7.2,7.2,9,"61"
"audio/11.wav",27,848.303799834,875.319272541994,9,9,9,9,9,"61"
"audio/12.wav",39,906.938596416992,945.954459624991,9,6.3,1.8,1.8,5.4,"61"
"audio/13.wav",40,990.05907725,1030.073345375,9,5.4,0.9,0.9,3.6,"61"
"audio/14.wav",43,1073.89052099999,1116.90834979199,9,5.4,5.4,4.5,5.4,"61"
"audio/15.wav",19,1165.22306708399,1184.23651316699,9,6.3,0.9,0.9,6.3,"61"
"audio/16.wav",42,1224.07907308399,1266.095063709,9,9,0.9,0.9,2.7,"61"
"audio/17.wav",38,1312.374082084,1350.393454459,9,7.2,6.3,7.2,6.3,"61"
"audio/18.wav",39,1397.320039667,1436.33443449999,9,7.2,7.2,5.4,8.1,"61"
"audio/19.wav",44,1470.86177333399,1514.877690917,9,9,0.9,0.9,4.5,"61"
"audio/20.wav",46,1551.666176834,1597.687158959,9,6.3,5.4,3.6,6.3,"61"
"audio/21.wav",42,1635.154874334,1677.17049308399,8,8.1,0.9,0.9,5.4,"61"
"audio/1.wav",42,33.0116048329946,75.1608737499919,9,7.2,1.8,0.9,5.4,"62"
"audio/2.wav",38,120.461262165991,158.490064790996,9,7.2,6.3,6.3,9,"62"
"audio/3.wav",40,201.75051420799,241.774717416003,9,4.5,5.4,5.4,7.2,"62"
"audio/4.wav",33,287.688016332992,320.703875416002,7,7.2,9,7.2,9,"62"
"audio/5.wav",43,361.016994249992,404.03775399999,9,7.2,3.6,3.6,9,"62"
"audio/6.wav",34,445.349228124993,479.362741624995,9,7.2,8.1,8.1,9,"62"
"audio/7.wav",45,528.110352707998,573.131869791003,9,7.2,4.5,4.5,8.1,"62"
"audio/8.wav",40,614.941444124997,654.955182791004,7,6.3,4.5,5.4,7.2,"62"
"audio/9.wav",38,705.713610874998,743.729907125002,9,6.3,6.3,4.5,6.3,"62"
"audio/10.wav",38,797.693316833,835.709370832992,9,8.1,3.6,4.5,8.1,"62"
"audio/11.wav",27,887.565222999998,914.579974458,9,5.4,4.5,3.6,7.2,"62"
"audio/12.wav",39,960.292408665991,999.306817833,9,6.3,4.5,3.6,8.1,"62"
"audio/13.wav",40,1049.991935125,1090.00829899999,9,7.2,6.3,2.7,6.3,"62"
"audio/14.wav",43,1147.001068,1190.02029929099,9,7.2,6.3,4.5,8.1,"62"
"audio/15.wav",19,1236.52908187499,1255.542490708,9,7.2,4.5,5.4,6.3,"62"
"audio/16.wav",42,1300.70643908299,1342.722203625,9,7.2,3.6,6.3,8.1,"62"
"audio/17.wav",38,1383.26543795799,1421.28093816599,9,7.2,6.3,6.3,8.1,"62"
"audio/18.wav",39,1466.201055,1505.21606224999,8,8.1,6.3,3.6,8.1,"62"
"audio/19.wav",44,1554.532009666,1598.547651,9,6.3,4.5,6.3,7.2,"62"
"audio/20.wav",46,1655.289676125,1701.31112375,9,6.3,5.4,4.5,7.2,"62"
"audio/21.wav",42,1761.79938766599,1803.81597270799,9,8.1,8.1,7.2,8.1,"62"
"audio/1.wav",42,22.0310293750081,64.1619345000072,9,8.1,7.2,7.2,6.3,"63"
"audio/2.wav",38,109.902623458998,147.930015999998,9,6.3,4.5,4.5,5.4,"63"
"audio/3.wav",40,188.121642334008,228.142294958991,9,4.5,0.9,0.9,1.8,"63"
"audio/4.wav",33,269.311104916997,302.326389458991,9,7.2,9,8.1,9,"63"
"audio/5.wav",43,338.000054000004,381.020870584005,9,6.3,4.5,4.5,3.6,"63"
"audio/6.wav",34,422.504257875,456.518722209003,9,8.1,7.2,8.1,8.1,"63"
"audio/7.wav",45,495.867579042009,540.887124959001,9,6.3,1.8,0.9,4.5,"63"
"audio/8.wav",40,577.26310791701,617.279241584009,9,2.7,0.9,4.5,2.7,"63"
"audio/9.wav",38,662.32658683401,700.341804124997,9,3.6,2.7,2.7,2.7,"63"
"audio/10.wav",38,743.705228042003,781.719988166995,9,6.3,4.5,3.6,8.1,"63"
"audio/11.wav",27,823.958040208992,850.97289616699,9,2.7,4.5,4.5,3.6,"63"
"audio/12.wav",39,893.216415417002,932.231125791994,9,5.4,3.6,4.5,5.4,"63"
"audio/13.wav",40,973.085172416992,1013.101038792,9,4.5,2.7,0.9,4.5,"63"
"audio/14.wav",43,1048.93527429199,1091.95466041699,9,5.4,5.4,5.4,5.4,"63"
"audio/15.wav",19,1140.564870542,1159.57654429201,9,4.5,2.7,2.7,4.5,"63"
"audio/16.wav",42,1203.835891917,1245.85201895901,9,6.3,7.2,6.3,6.3,"63"
"audio/17.wav",38,1286.47917183401,1324.49405133401,9,6.3,5.4,5.4,5.4,"63"
"audio/18.wav",39,1365.293121375,1404.307526875,9,4.5,5.4,4.5,4.5,"63"
"audio/19.wav",44,1442.354796334,1486.370773042,9,2.7,2.7,1.8,0.9,"63"
"audio/20.wav",46,1519.79620429201,1565.81483237501,9,4.5,2.7,2.7,4.5,"63"
"audio/21.wav",42,1604.83580100001,1646.85214320899,9,4.5,2.7,2.7,4.5,"63"
"audio/1.wav",42,17.8273287500197,59.9828245420067,9,4.5,0.9,1.8,3.6,"64"
"audio/2.wav",38,123.850119417009,161.874884084013,8,2.7,0.9,1.8,6.3,"64"
"audio/3.wav",40,217.962862834014,257.98392579201,9,1.8,0.9,0.9,2.7,"64"
"audio/4.wav",33,297.946261417004,330.961300249997,9,2.7,2.7,3.6,3.6,"64"
"audio/5.wav",43,372.66747450002,415.688953417004,9,2.7,2.7,1.8,3.6,"64"
"audio/6.wav",34,457.371047125023,491.385697625024,9,4.5,8.1,5.4,7.2,"64"
"audio/7.wav",45,529.870732334006,574.892516042019,9,3.6,1.8,2.7,8.1,"64"
"audio/8.wav",40,607.677210709022,647.693063209008,9,1.8,3.6,6.3,4.5,"64"
"audio/9.wav",38,691.261459250003,729.278664375015,9,4.5,9,8.1,9,"64"
"audio/10.wav",38,766.582557625021,804.596253124997,9,2.7,0.9,0.9,3.6,"64"
"audio/11.wav",27,838.495250167005,865.509904834005,9,1.8,1.8,3.6,3.6,"64"
"audio/12.wav",39,903.947892625001,942.961716250022,9,2.7,2.7,2.7,8.1,"64"
"audio/13.wav",40,977.846010334004,1017.86019991702,9,3.6,0.9,0.9,7.2,"64"
"audio/14.wav",43,1050.40144887503,1093.41940025002,9,2.7,2.7,1.8,4.5,"64"
"audio/15.wav",19,1129.21121937502,1148.22197750001,9,3.6,0.9,0.9,8.1,"64"
"audio/16.wav",42,1183.49291245901,1225.50770475002,9,7.2,1.8,2.7,8.1,"64"
"audio/17.wav",38,1263.44128220901,1301.456355167,9,5.4,3.6,4.5,4.5,"64"
"audio/18.wav",39,1337.787763834,1376.80085329202,9,7.2,3.6,3.6,6.3,"64"
"audio/19.wav",44,1409.093170459,1453.108848667,9,4.5,0.9,0.9,4.5,"64"
"audio/20.wav",46,1489.088991375,1535.11050587503,9,6.3,4.5,4.5,8.1,"64"
"audio/21.wav",42,1567.63599900002,1609.65178829202,9,8.1,2.7,3.6,9,"64"
